message_id,uuid
6pDWXNfn7pgwCyczTodZ8qJ985oP3uT3FhOZeVHfX2Rx,0018f71ba5a54b555334151f4c5e2c17@brchytx.com
Y9fy6AvUwBUheKflXf05sSWOT546U5RiTrUGYWHPpBsH,00bc892706d58babafc769b7bd267ca7@brchytx.com
CBNXa+G7ixkHRYaTDOLdASp1Qu+SEEww1w9vkL=HQOZm,014d4b6a9e58f7c90bf34170e11c83a4@brchytx.com
7qCBSJkEyIbD5BcLFjfXW+NYrVc-dnSVU20E2hXN+4uR,02b810d8f8b7fbdccdf13a21bc37cfd5@brchytx.com
FknZMfk439-zwGVw8vnR3X1qi=Co40i+uDPVmEOlpgWr,033233a61778802b5528f67df01f387c@brchytx.com
2bQwKiobhV-NWF6PobIe1h7-c9oP+HLrJArZm+VrHM0=,03526a7e1d1cb40134d46f0e858a0cea@brchytx.com
c88lnlM4HH2EUNBDDXScZbf6boakCwHWTotU0mMHJvk3,036977981dadf72b9455802d8279a9b5@brchytx.com
UennggKhUM0dUVE3dL=qSQFw8Nycd0zz=uQD7bq5vpYy,03aea26a0a2afe54e47511254ad91ce9@brchytx.com
TugIJBytl8vFYlZ6URWkz-OUUtCHdtMAs1WCkZN3u1MJ,03e2f5a56727d2cee981a805698608a6@brchytx.com
oWstqZqyYFPFPcd-tM0LYi0Zg78CwAoUoXqR=6L2NxjM,043c9513a4a58a25d3cd1a704901fe7b@brchytx.com
upBAcD+=HBdfqBVgFUP2Dt7vJywD-RjyrjIl4fNm-dNY,0475fd45c1a25b6111942ddb226de12f@brchytx.com
AG5LP+tlBH+kxx6nfxswv4UZS8-=KfYacAGPGEF1a=hq,063640f2c40b60b6ac000b68d15f8c83@brchytx.com
NA=6DEbLL01cnrCHgcn6F=TxNI9chW0vroZbvH-ZRFAc,07b9c84e6aa00fd3e80aa501f054b5b0@brchytx.com
dFko0ECVxGoT9eg7lUvr4xQqbk4Gcj1tUtrtuVLhMwqL,0818e2ad6626bdd97d77ab80b31a65aa@brchytx.com
K3HxVCfEUc2NqD2XuAj8ymWfb1FkKoD1qeW0O1ymdLbM,08975ee729ba66a6d38ba5a9dcb6032b@brchytx.com
Gk=0QTbkdtsvwWTSQHQRaVN1a6aYg8vax8aOfGuZZRom,08a37094f763454f69bda5e5c5f880f2@brchytx.com
4kqWPvXEe-O9XFlCItFZxzGosz9sVP8VepdBfe4WfMvj,09cec119ae2b27b3e24166283a986492@brchytx.com
LV2e+KzlhkMybMiT8d5eR9katb3BUXVZivPTd+KfvFbs,09f58ce37250395ad9fe984797ed0fa4@brchytx.com
K0pU20MSf05qwMjaHnSP7upbvLB8E4JCPMNLEC6KdeyK,0adb09254bf8c162519ebc43b1163be7@brchytx.com
ZYC+hI8pctGq+GMx5=PqrwvfqhZpJuVw2uyE6yw0P3Kr,0b108a9cf6bec34ca4de7e44b707a1f4@brchytx.com
ThTgq4gggD7ZB8KUp49Ity0RBFP+SQcDD5qho4pmeoEk,0c03928bb4d1c4021d8c6ac615e81af0@brchytx.com
M7qAg--l3GGgfmV6sNh2m4iMl5rCVwtQG9Z2AwFjQ9WS,0cf8cb5b12f28ebda8154c6f4dbf304a@brchytx.com
puNb-ewMXQN=Mu8QZJT7i05NXrbDkFUlIOX5E064iM-=,0d0dcde24c7104ece6e4809a0b27f7b6@brchytx.com
jI8tJfaQyI6Jml1CVTQrFLCHJU+M+fODwhBo05WtSnTU,0d60bd3ed8179a5336149eb408b8844a@brchytx.com
mM-VbmEQaqtBZ9Mry413vTVGMjlUYvFGWeFQy6Aa2k3i,00efd6da5a7dda60beb3add72cbc9cff@brchytx.com
3CmGaVeM4rPYbRazc7n7sAjTvvLT9nS+EvnFN3UYdzTb,01d19f5ac0f83e31bc07bd454868b4c4@brchytx.com
WzSKnbnsDt9dpxClUmSE3QW5pnO4kt7eyuhsqDbIXnWY,04f3aef4a5dfb6bc06e4c64483651a18@brchytx.com
azg6Y=Q4pleEOYamJ7q=z0qy18xQCWxCEHJjAh6vA-F3,0551d8b19edc7c38b5a0dd22a649af31@brchytx.com
fYTE1H7lGcHCXqUv7YNBWT4fv0jr+kY3EwcsFivZcUFg,055423bf57ae2437a9cbf082365014eb@brchytx.com
TOoMOeSj5=CxIelT-DZA+HkftNf48uNRBv4u08cdb2d-,067420e26bed203299d36c65680d7a98@brchytx.com
SkUNXJuSJ3VGueGXH3Oa35-IlPxiCO+0-EFb3qxiRPEK,0c5d6afcee636d050a45f0b38640d622@brchytx.com
rqV7BBVNcFCTVbNUkR3deEOWA+hB5GWLIpWJCkrf9PyU,000392dda592a762b395e1b7f8d45f9f@brchytx.com
sKgVROBOUdyAKog5ZcK2u9uhU3FqnXZSh4esNQePwRT5,0007bb3a3fe49297fa6ae8a62cbea998@brchytx.com
O71KFZHwGWlIbtFodb=WKmFZCVo5I0eqNupqCYKefRV=,02cbd703ccbe883c2a23a424b0a6620c@brchytx.com
n-RVA9A=MwLx7XCP5M4+Q46s5dwzWAqnxb68bnYDuPFZ,041469fda2308cd278d0ff5853e7dac2@brchytx.com
vL+TkORNW3lU87N=OWQMuXlWI+M2PJotcXg2lxG6uf-c,043739e905958f77ebd841113643dd55@brchytx.com
S4AmrR2eU2VUf4yz9WVa2tcZ5Ln0UavH4rJ8to6YiFdv,04d68dd7b6224f06b06d299bde13f1b4@brchytx.com
UVfg8veBvKC7yGmG4Ndwap3BlBRDXIQJKk+q7cyk=iTQ,0626a16580eb95343259ded0483b9a8c@brchytx.com
iNqsQCS9TLOjqCKD8tXSCqk2VMR5GtX+CHyG8bumlkzJ,0722b34ea0f24a24dcaf94906af9b8d5@brchytx.com
ne02GwZw1HSY64OdjnNNOoU9vck0T6VhgxqZN+ulwvWE,0368309c07f7bbb282f884440f8c019b@brchytx.com
qr4ftUsXk=Q7mk2qh9CozhXx48q3bbNkWCHkKjNyuam4,05fae5eed4b145fcd11f32b122a353cd@brchytx.com
970MPul0EOK3jYqAOaOqdJSPytmMr6J6KCkLRqX8gvj1,088ac537153044b2341914140b2066f2@brchytx.com
BmDAgYTYdR5ldMP1IlRMUAlVOuUBWYC+KPERdVLdpk7R,08b48211a96844266b8bdd61b7a69494@brchytx.com
Dp=RyjHHLSUebHh9qpujAHxeLr5zLslOEoXr=plEEjh0,afc253bb27f34a7f447d87205f50aee8@brchytx.com
HDc28TJt7jxzfCgupXkEKAbfsH1G6UHGg9syBsVjzSMx,4996d72dcb619be7000e72fce91e3a89@brchytx.com
7TQTb2=IEgRHfvt1+haBZPsrkqlsKehdKpf7DvoMtSjE,b1259e5937729130696a29c369a14ee8@brchytx.com
xNBufFFQ3HQ0sas9mJJb1kHpl+TRfQUoMpTQ1G=SSE9y,5bba459cc4017f671b9f544d30c5d35b@brchytx.com
WfQp+aJFJiBl5765jxMK=tChQ6F5Yh5EKK37UOrkXmvo,87511411f7aeed7fbfd03c6d7cc4cd9e@brchytx.com
AaXToSXv+cNG9EcbDwmFzjRwIXfC1HbCmd1=ETvMvJW3,6bc481310232aef4c6e8b2ee0a2c556e@brchytx.com
6DcqCE0vsarqAHn2GUDW7uWw1F0-=Nm6SYWWgNPccSQO,1dfc003b85762cdaead8298823bfe08f@brchytx.com
ZBIBMn7=pAN2q+SVH-n126nP7b-aRtXi+GbxDP4fKhb,1e3dfd39a74d88f158dedd843fb059c8@brchytx.com
5=Sxgy4rWbEgqjrYg4gAZ6BpmIfObQvCA3AlMei2wQT1,1e62fd76459d25d0050531e22b0342e6@brchytx.com
8UaezL6yVCAs=m-dhGyQb+V7nus3L86-Iie080XcNFuW,1150175de5339fa5bc9866ddb03cb285@brchytx.com
sZUxO0PMvR9AOe655sHYjxxTj47ChiH=Q0FonK-mk-aA,1171fe401ecbe022068c6558a569fdc8@brchytx.com
V4WYoYvC1ceSKGu97uhvRiE42Al-WBsq=z8hCouV3qfg,1236fb7ef3df4f2710338af478ddfae8@brchytx.com
eEjKX72g6p6dLLtZ1fE6cnvECOXgSE6JZhkGiUUx9gpr,157f388ac0a2fb2508e22c3b7441a570@brchytx.com
iXfcaEkLHUa8VWvGs0rbDScyJzHH+nbTm5KoW+RDmI9s,0af051dbe37b0a32fad3eb90558bf4d8@brchytx.com
XWWMUOvVTZpVUDb+Zu9hnsXgxdrm0TiziIaf1Uv1A=OJ,0c3069bf1c0129e5b487075b1ddc5f2e@brchytx.com
9uieeJaqmsz4ffqnwmdKdcpgjNpd3=FZ85LOa0JvvNpz,0de9102d1eedc7d73222f7fcd61d409a@brchytx.com
a3Fnn4diOlSnbAXObuKqPf441zIbQ5uFNfMaJmL1=qUB,8e9944d98a0e337c6065381a1f333704@brchytx.com
K62z1VXTVrUYIvV5BHcS3luPGC1x5cC8znZ2h0JOES+O,925ff64cc545dcd4ed7e944613183081@brchytx.com
p5ueGY6Hj7ydY8q7um=sKS-4+s8xReUwXh1Fpz3luL5=,9331014d905ac58af0b102b35e593739@brchytx.com
ifH+GSHoWC3JQEmK4sXqvu0y2N-O7FnTR3rJDpVJTvRQ,93444c4faf50b50e64a3170e24d7741d@brchytx.com
WPs=ulTdJhPHJ76-=Wnr85-NHMpG6Z7QP3R2Xa8+SaTw,40a88f65772039584656c01af663aed2@brchytx.com
7rBPfraIrGyZB+qHNxSGtEP+OqdCgrHsnO9bLODu5Le0,4132fda317f4ce0c30c923ee7136cf6f@brchytx.com
h=wzt5I7KuDgxysmOeT-DKwQJH4eIKY87eyTvpOFOx44,4195f43f428dfd4f3872b758fd71556a@brchytx.com
GyKYMR-BznL7iF9X941kiu9QKO0CX3yyHXcF9E5Mzji5,46583260f9db3deef0c089a3f19aacf1@brchytx.com
FQdUeNuWy7nBv=6ciTxN9gwhUQJz2O=wa0pk6Py+OBqU,4672633751e7ecc4d3b28e95214fa922@brchytx.com
eLELKKOevJIAc+tpzG78ZbqQyvkOU1gyTbvWwMZky+DY,46fdc8d13671eb32f2424f143871d90a@brchytx.com
3VihuvQbTn9Wcos2MzwFv9WTOxMgQtGmWdERh-cvZu36,fca6fa47586237c0b42bdd540a778ae0@brchytx.com
Rc-15Ye0SthiOZSZJ46Jkh8ozhLjGjKwWRV3ARmvhjzB,fcc09d077e1cb1a213597267397932df@brchytx.com
5No8waE619FQJD7xM2hvGo6ost+slfXAutLdrFWGl+uG,fd210aaa4d0498750f2d7b13df3e51af@brchytx.com
z+NyvJ=5aCOXto1g+UnR7YUybjutUWXaHKlibE0VCLF,9a1ea5f3d25da751d5a988a03f87fe4b@brchytx.com
Vsujz8FnMrUCSt6DKEo3HJbU0blET2jUaqDrjZX0qyBE,ed91f775c5a626d56527a8c6079299fa@brchytx.com
m-XV=x6qr4KEElO8N2XFXGlpmaUE1w5gWTICVr0dTRzw,b7d82fbc1956c01d2062895479ada9f1@brchytx.com
2qfmY9=olT90sTQtXlrEP6BmIJ47TsTivI3k8yjLiah=,0034f3ba6d3756cfe9255b3e5918c99b@brchytx.com
riCRU-1gbz6Z+KmVNqk9d-MPlVv8USmtsQkMLBYjj6w2,23f71b70c36f6d6f2abe85ac1ac88769@brchytx.com
Uoavuv1y3lOKqne3evY771GyjPU8gHVKIAigIXco-ASS,25149f28a1c8f627cdf2e0e9901fa992@brchytx.com
JcyIKo36Rb5C-jjng8oUVRVsxx+pB4GE6Z04bkprxCrZ,2646b776498d002af4a57058cfc85b96@brchytx.com
8wAqdVCDm+lJotey3p3Ldn=F4GNKOPpa11Ue2s6fzNZm,28f60a323dd16e8f471bbc35773fbdb1@brchytx.com
EJ=KWnk27DY9kSwn9pfvFsVvR1-Nlv5=s8=KmFE=SeQg,29313c23c24758d43f130dcb9095e02c@brchytx.com
MkNTQ1MW4pA8xdBAp8KFl5-elqH2V4NKX80PSA7WUmy6,2935c75be1c125e268cceb8783ef282f@brchytx.com
cwoUmRw26nn=Y-byynRKwuFOjFXwf36ze7jk9+eKjTwM,294e1c20a0395f63770cb781436e5ab2@brchytx.com
5CgknkV=FWIGDjsDGV3+Amtg+BfvkgwtQ-blg-6y4Rmd,2bd51817e31dc4ca61ae830d57d89610@brchytx.com
Uq-9WjhWtJh4u-HHVQ1zDTd6V9xgHnoZH+SDnc7qgjJD,0ede40730c31997389c7150e75f02faa@brchytx.com
H2MIkQdIM+SXuJQaSKDUsN1y9-30gxIRsovrgWSnK2fR,0f9b1e9a2fd7769d309f4def99e67cca@brchytx.com
EdATnDcOIw+VwGhKYBy70VZVf+L-drLuF6Ltx5enZncr,15b35ba6c8e9288a225a41bca3baa8b1@brchytx.com
14QaDtrIlQwSky42-9Z3jdVV4kQRn1HUOtmSMMmV3+Nl,163b489eab827f98a4dd031258eb971d@brchytx.com
Kau8FrSR0FHhfWCEKLy6MiJbPbkLRjiq-q=ct+jewUgo,17a4a57038a64cbcb9f8894df7d6169a@brchytx.com
10qhWQhxp7MYt2LItu4mZAkcR5jirHjwuZXRpR+Xv89k,0a2f60cd2dda9ee9ed4dc8007c6c7175@brchytx.com
ienugj-B-KuslQXzLIco3O=cPuG6kowXI-Mg8pwxzfpE,9e9cd716af0802520cbafa47847feefe@brchytx.com
Q-2srhXNF9cxA8Qep7eE=wDCMmnZ-MwzqIINjd9rHK4B,48e1125b6a7128e6ce623f1fac1e57df@brchytx.com
kjAG0TT5oqbT0wZZi5o1ORjny-3ZmpyqAC+Rmo-SS4RK,7e5a2a4b817f849b7130efb33362f095@brchytx.com
4EK9WkVAqtdcq=JAJtikzjrkVOizyf7VIEU6PlNJe2y0,bf724010770e6fd181b70507dec93441@brchytx.com
xz=f4ki+nem0VHztjqDES24TamefaPnJmXeQpsVJ2L12,cbacc88a65c71caf2fe603495f72bf3d@brchytx.com
x5d2PYCANwtHMGrZNHeTyqGH+jG+jN2JNuUCnTmuE9DP,e97c7eb218990395fd9835a2050e5265@brchytx.com
SQFR2Djkv06vWtJ9xHyP5REq-ghnhK74QIylgeBwt6Q9,569e41d887b89c175aa0b18e2f88c8d3@brchytx.com
Yh-itQSOmHVwmnZ4dFGXykoGUClOuLz-WBDv8CbIzXq6,550b74e27c573501f6183bbff85d4e9b@brchytx.com
b0Cyv1ZN1dPxB1WdPjrysGkX1znBOp2-wuUci1yfrAzv,dd4bd39569e28bd5823773c763d3e86e@brchytx.com
4JDvnH4EdvG6Xw-i0xWEjC5djCtv=uTkGo=d1lZYLD=b,e63a23d03e6986de52037ff438178314@brchytx.com
pEufjIfusEYjiVKEormH5caHNZtjzz0DhHHtgtQHAzb,44783b57ceade9d6dbb8104e0ac69466@brchytx.com
RYmmqjlmZ2M3m4HI-MrMaQ231wz2ELN9W9qxSUKe4KD=,45bb84c5e5668238d00ba003e788f3f0@brchytx.com
otTjbX5h4Me7QTcANZl=MQn68ioxXkG-poCvJiwGHPEr,4851f55613f41b85b85ec3413749b41a@brchytx.com
1qLvF3H67SJPIbAodU5I90tDC64hmXmSMV0uJxrfTe=x,48c90a61fbfa0ee2ec0a720dfda9fcb3@brchytx.com
BVmEfayTVxZULZMZrxhEZih7aYeGYWSS83B=+XG+SWC=,4a035e81661a1d861a60219d24d4d3bf@brchytx.com
QVSNHf4A6K7EHi7egsRF8ObWfU3yGI9chJb-SAmY1Phh,4c18f7bfd5e940533ffc9d8ac444fa72@brchytx.com
vpiVg5yEn0LnJKXq=WNtTeJ2MtvqqgDB5JeECORmcDK4,4dda050a9cf9b5f61cc8025379b3ec62@brchytx.com
b8W7rtvX9tFW4XzwTFP5af4uAU2DtX70OC-vbsfYsKJp,4e3b7d50e1f793e5651e5b14cc07c1c9@brchytx.com
9jarsqloG1PNIm9eJNtP-5g=JmMp64Kx-kv2KNd4PHQf,509310cca5699f7a7510f331a56b6ba4@brchytx.com
ZANJ+fwpVf+=bN-U-TLVQ=wStqnBH4ZgR+A7LlDsBE1y,50cab4f48a9877dd5b87d78937ea0ff1@brchytx.com
m6PU2WUTHxNlrXd6n7FV9VaY2cEbx1o==9TuRdcLWhBk,50d679e3ece986498e3c2554a6d88d84@brchytx.com
cVeF78nkWKqohcuR4Jjj4DSy0zXk2v+X+RcGJ6R-a6S=,512732a260607a6314ae9fba01a69a47@brchytx.com
dTk9JmlY9Q=4MN3VUMflsYenVRHBR2caUVYR3OHIvMPb,520a1fa8b6843bd133248b9cbd70cde0@brchytx.com
rj9pfOPhqsQVzrY3N0DKEz0V8LGRS+WdRbEGxikWaM8R,53e61013847f7e7122b7ca58becacda0@brchytx.com
FOV8dDm8YqIT5qIpdCeWNa4LpUgpc7vcIFZhZAb50K-O,54b9b13b641f04574e491d8838786371@brchytx.com
C0rPU=eho-VNzRBGvsrJoa7rYWgAG5NGwcauPZ-OGtI1,54dff772284d21b31fdd8ad8244d5d74@brchytx.com
S3c8SXc6t5Hpl1h1oiDhskg6P11UqS541DJf8ph4U1iv,55a892652271959738fd92679440c6b8@brchytx.com
ZM+icVyk+nmjTOfVQDkSazG8DojvAUCPaeKd2qn7c7yI,581c07bb940e14d49cb40ceb6ef035fe@brchytx.com
qmvpnuHi0axXNpnwiiAtjbFIsn2XZJmk+eDdHxE49+79,5842bc566f652aabb7308e5e998aff38@brchytx.com
O754FyBUJNqFVYQLZ1lFmztJVBRpo-DWH0AYqaBAMlod,5a2c683fc4ae62fba20f98b2f6caeeda@brchytx.com
rImDAmQgyh=ibVE8O1VtW44fMADt6OU5P1nzOHB6ARN2,5ad1890825540293932d20977f438a21@brchytx.com
TdvyJACcFTTk9Uutme0MdgtP3Wwc1BRwJv0q3R4Gkqcl,5baab354dc2d2212b5c829f63317e73a@brchytx.com
deAlM0VV2ZNnWCYKED4-Jy5JmB2i093drS+R5mBRV7=q,5dffd5fc5f247bc7d7d39e05276f257f@brchytx.com
qPK7Gatpu+lDTjpE3zkNKbLXOjicE2y=-fbykwLMMYL6,5fd4299cb20d03ee01fcc36f3cbba383@brchytx.com
3Smx+4YVR7ZzxUAE5FSCk3-9E9NRPfpjarlsYGZLtQPt,630b9de5b004a2a3be2f275670b67521@brchytx.com
tK+tNWbKX1qfx1p0wn6nBI67HHURZ+qsLGz+DnVg0jW3,65cb37183a7a2484cb1f883f38c2a7ad@brchytx.com
ShnY6D7ACeecJjWxqcSZJPSng+yz7wd8EKTwEprFndmE,6601d235849686e0ab2a8f448753c719@brchytx.com
JKzU2TZIz1m8saN7bXKIgcd37Smu98IPwdlVjgiFvoia,666b81c648a907dedddca7fd683ae1de@brchytx.com
PCz5Wc-NJ2Q3wU7PdPSiZ=MxWAvVX6Zu6iV+Ik4Ggtxm,67aa176124fd0395f2cb932e60d2c76d@brchytx.com
3S+L+D4WgcngBygdpSin2vMWsbkcwacwrTtbV9IOhSJz,67c4940966e0544c0a70cc685e21035a@brchytx.com
oIQEgr9leXuC9-ub49n4cnbe569xzbtd+06dIKXWCbpO,6b6a14a452a958369db275adcc9e51ef@brchytx.com
V8Cb=NVPachthtvMTOQbri6TQ+wxWg0P7R0lLqvqMhSQ,6b8e34f6ad21723fbe954445db0e5770@brchytx.com
8ekj2SF3xmS+En8SrNXu0lBAkXKbeIXfMcr4kVemtowF,6d2e114770e69ad19415f8494d6e32f8@brchytx.com
bsNTpWSp=U1fQx9AdQQQ3VNmMDNFXumGuy6sj5cdwXk,6e18c851d974c505449a0a2096ff5338@brchytx.com
79WKiABMqgqPAtZgyzvaHZ1+SwiuRyrYPVfmH6eEJ7wS,6eca94bd9469b0e3e64f0475edf430e1@brchytx.com
X0bwgyhhiuOJa4stIrWJW75m7JSBOOR53B=at6ryjSc9,71a84d8d387508f6ff7314023ae1e2a2@brchytx.com
leo0VRLX0X3Cecp3GrY9cTv5L7MHj9YrPxMlJfyueG+i,727667e7f4ad6136d9b80589f1996831@brchytx.com
REIRp7nNlCw+bQzQ4FmY1R4M7aFxxE1bpIryLMZPs6FP,74030ef4e268651a8b2fc00a89f2bc0a@brchytx.com
9BW8xO78mtVf8LFxMoNeSx7VdD0j4Mql2d1n6LP0PORu,75f1acbaffea113f842294981ed46426@brchytx.com
dqfuFB=YqttOcHg0aHF4tLmJJ8XDKCool8gdbAEaT=T6,76f59258cb0b8c458cdc5da8407f1cf5@brchytx.com
20Ilnwqd08Do+9EAWv2xuqi=wcyvPEq8rCA1gIgDA=TC,7763fc9be1cfb981fa681e5091e3a78a@brchytx.com
QZv7OQycv7F2+xD2yM8ggNGwlDDXta-UEn69Q=4iO=Qn,77df0ed5c7b68946dbd64767323f2518@brchytx.com
2Mx-X4elT5EvksZ60PHr2LdPk2dBtN3TkaaatoJ-XZbH,78d7d55c9407c5f42206388d1fff9d04@brchytx.com
C5uDFGVTPl+upf2w5PwwzjqYtYvi0rmY7OTwsZqIotuk,79d7832c32357126242974b4d8b21fa9@brchytx.com
ama0Dhjp7+PPsS6kccS9hdvHjeDtBd2psINzMv7AIDZC,7af79d1e0484190fbb2f664248d3f97a@brchytx.com
5wUC95YLNsIMVZ6j0zrveyVNJPoRZS-JqC83zOmcZ2NN,7bce3b7d86443cbf50ebc38146c1934e@brchytx.com
CFmNrqCy8lkYo0mcuOk9gBTdHySntA5L8H6JalJlnCRe,7bf65dd9608ee4748ed616a314c85501@brchytx.com
D70t7dpLMo7hZAWB=fC1tZtWaaP6b4c76O0AFJd=pqLD,7d607fa823de8de4ab36c2091ed51398@brchytx.com
m2Ez2GgOIFZS6ad7E7Pjg4PLft=Q67qjGFOpw=my7zEu,7f80c579d89f9b9292b8bb973f24e79d@brchytx.com
EviWKuyuJtpLJxq5fsW64SADFH-V+1AXqW=CZByQycpN,809a70bbebb95ca705733a92993ff5e9@brchytx.com
wg+dN+QWDJCmK0oArYoMcM6VvnPRgSLJXYA6mWTLMs1p,818d2e6600be3b1b068721d16c50dc68@brchytx.com
gnbh-35JikQcepqbAc29gvohSwpN5D6YRx789Imnp-Ca,81c3c4d30fc8449a6ef460212a4ececa@brchytx.com
jD3jqj8H5hY2JEyIAs0sCz-DeMNLxPY9OYaRrSFyb3W6,8365c1c685e9bc211abcb86f737644fb@brchytx.com
SvFhk-9v228O1PA+SQZH4q6OiQprIH-KCPfS9G13Kwvw,83b10ef6344c1968602927ef02a8a6a6@brchytx.com
ov5m-nJqgg8SWcKfs1vqTm8PyryP8QCaZMfEpqd-5+Sj,1055b6e1b0c813e8be0d9c70f4dc22dd@brchytx.com
mbjchON+oZoHDjygVpRhj=JVCNtVlVsiIZ0oEughHrb4,12b59b9e9f3e57ea0a2a7350776ec53d@brchytx.com
6erRhcZscodSr4gGNYFBJdZsjpPREzr5jQdykOxGCDNz,1346fa2fe5153e1b654f63ff585d22e2@brchytx.com
3RCTWyFeun20kHSNTd9NITCtLQhuCkNUd5+YUJiLvNcu,1568c1a3de97dfdd1c94ef33ae5ef9ab@brchytx.com
tjVYp9pJp67lSYwg94MiPrPX8FjAOBgSaufXKb8k+sWC,1587622a18652387234b0b9b4e7bc9b3@brchytx.com
1X+v1L6xOBqOOH2Wcnlx00BRAhzrAAeCeQiGf73AXrnh,194256a2696ad4c7d676b0aa486d8dae@brchytx.com
8GXxNF5YS-wvq5rs7uXNFWkSP5goFC7xebIFyh43vSp=,19e73516013b220d8923670973e8f3cf@brchytx.com
25sTd+-+d3qbpewBqsoxhUfvVjQ4nKrzG5=YiIV5yuRB,1be886cf28c6abb2f2738723cabcd7ec@brchytx.com
g9OQOST2Q9cruBv7E-PSsyAlN-eX0b8JTKydSYLTHMp6,2022a68690a2814d08b70a95ecdad7a7@brchytx.com
oO1xusGjeCeL2BhfQ0KqRs1dp0OFs8NW7ZxCzWw3-tOu,2050515346747d07167adbfda038978c@brchytx.com
wcd6aDdb1nBjE51YC7y-0BabA=Nx0NFYI-UFZk-ngnf1,2206d86077c38134d155e8b253e89f86@brchytx.com
7v9lXkC9Qo=xQIkH5vPp4=9JwZVbjb1De-nOD15gLutV,2309fc1e814b6b356f82b8e4d12a1520@brchytx.com
4MbxaAAAM6c5mL2MUQcWWc+Dy-j9B2mSHM54BlZDhoc6,2319d28a55dc9d4b90e09ebe1b12327a@brchytx.com
DphKHMVUxCiJtEuz+wCA4ghlDr7O-pCwum9RxBrm0qY5,2362dda6acb8d62efbd4d2dc732ce4db@brchytx.com
nhKW+wCrbLREHKJUa9WIT9Bhk=DxTLl-NWWzmGmBbnzm,25cf29f0072db77711f49838e27f80b4@brchytx.com
mHgSmdyZZE06EuKQhmrWzw4kCLZslm0u1e7rD-6j-Lk+,293fb43bb26456b85656f901e19ffc29@brchytx.com
FdCYd0RxMkVPmM904eGcTRqBWJMXMnNUYHnpWom8xosw,29ea73ede3e4294bb93bac99fb72d14e@brchytx.com
RjKRFYgLa=VnQX3GprkFHkJ7va6CnJn708HWGwTgfgoX,2a85bdfafad1ffbb261b58cf2543377d@brchytx.com
C3LkiNav0IApx9GdrhsKuARnwoP5-u-7iTYZM1fFC3MK,2a8eb579f832199eafc8d6cc66f0288e@brchytx.com
1WlVBxBxx6cMFS+rgS8TuUea4OtkazeKln5Z3RFbB-3l,2e7bf4624fb8000d4c1777a9abf084d4@brchytx.com
litUMgHtiZjzSbBY5G9OAfgd4djdnxumDvCqR7fOJxT3,3016884dde05e075058255797c61c01b@brchytx.com
40zfi5+DXY4Zew7iibhiIJXy5OPR=zA7gjIOBjy8V+T2,30ed0028eda69d61804c2ccfda36fd78@brchytx.com
zM1Oxm=RD5gDMLqrcGX-p-4cycsOuwsuyFJkDkKUkizV,3496f228703ec29b3fdeef4a6857766a@brchytx.com
nl6+fH1VnWcPfiO2ALAu9ygSkjM6F7p1-7hiNbHa+gKI,3551badc41ff39adbd1c2c9a6a8a877d@brchytx.com
ud0mzEXAMvm9uYbEKxAK00u9s0Tfz-6it1vT3YwPAHir,385a5499c3a536c9b468d89d5b6b01b0@brchytx.com
fCl8Lb4V57QQ4l1Ilqsq6zVLDRdZj2tjYJabyX6o95GQ,3936eef24f2cef4479bec82cd83f0eb6@brchytx.com
kkIGtySTlaFw9LVZpIEYaC5zDhxrIZAUv27Bad7wUWCw,3b20174275d1c4f79b0d052a5e673132@brchytx.com
B30e1K-NLGbzScRNU4BvGNBOVdVbhTwr8qzOHs6C4R8a,3b490cfe653624ad799557636d78d7a0@brchytx.com
qAYqC8q3jdQZGSZi+4LtVgrGlRot7rtacUzge72UgpI-,3d29b53532934a9d380d81e1e4d2339a@brchytx.com
SKvugXnWpD0WB93zoV5LNnWqb8A-PuYDhMx4avCoThNH,3e252d2c2d1c6bacddea4b00a43e4154@brchytx.com
tKkwP=+g=06oniw=2vxyihK7o356Chret7m-N3YA+ofu,17df95de11b0e7b9166d6b734fe3428c@brchytx.com
GSJgw=xm9Z-HbhIqowVbidvk42DSgFqikou0H7xv+E1z,1b7d47b58376132a049ad9b08007f5d1@brchytx.com
wNp1JaWR++dPXzkQg8bZn0QQcJjT04OqXD7WQJZqubqD,1d093775154a99821cc6eb6aa1cd4b8b@brchytx.com
HaDXVG+9W4NgsS9AbTZuPxIztU+o1sOfkdYXTo8FTMWZ,1d3576897a1717df53b95c7fd66b288e@brchytx.com
KWHcRvT2E86qGPa1UaLmjb0FIdLXGL8Q1wYibRznv2Mu,1d85e425d2e05c941a1dda733b301663@brchytx.com
3Dy9cGJAdQn-9Z4TLu20YDQ=5lxbW+LdT3oiXgEM1RcI,1df0021c36b4ecc05e097985fc318ccf@brchytx.com
gBofvD0F4i42AidnD49t08c8WVE1Z0H-hqHHowcASGPv,2061ade8e8171736d834bdc7748f6675@brchytx.com
NK1n5SU-HdKl4E+QdfIjh2q1g1HaAKu-aekQEVij0Tfw,22c9a266558fc974ac9d707fd8331e00@brchytx.com
5R3O8qA+RtHT=w1PE7YLU=8OqVnZDrXfD+UDqlJSQrH,22dbe996cec694d746016ae12c6e9c0b@brchytx.com
MgCKTY6bcpnirhjyKeJJbrt4tYi5P+-yfQ1rFSnNFuFu,238294dda13b7f9933d034532ae44c11@brchytx.com
OyeyQa1D9te8F0zBAbUgCCuI3aN0K9gq3mvWTSb5A3Si,25475d464eb72e245a92a4281432eac7@brchytx.com
LTbv+QIl7yX817zYfUQjaRjLhrRfUzVZjTJHLN2mUccU,28859c4e40f2b70fbe30082eb371e498@brchytx.com
TSL-H+OjT9x947QtuITQOrroXR6LNUXFzq3N-pMiH-NC,2916dda67e878fc50940883ddf77f9f5@brchytx.com
DSBKW2aUwJAWg6dAC-Hz5VXTPnBSnL7AA1WEIt0J99DP,29e2555e708993f8be0ff13a7370d839@brchytx.com
l+SPRSaacZmx2FWb+1rNrP=NCVLyUwLiFZqT9XhKzySv,2cdbbf2a3b404c5de5c46bdf934bcd72@brchytx.com
Ary3wzbxtI=Lbs99pvP40mWmkcewb9j6BAw-eENmvX2o,2cfcdc5626c02cd28a9d23e11fd827b0@brchytx.com
aiQwD07-1Ci5AIxp1FRJ3YSJ+gSBP1tlcteUpu32wLxD,2d2bc57562685ffca754e2fb3119862d@brchytx.com
vmtpVF7XTs4d4eMD1f0FdqgJg8jRt4xlPnxa7sM+Wp9=,2ea9955b908f8f8c8e018564d8eaf12d@brchytx.com
pQJidgEDFa2i+lEbUQz4y03Tx+3Ry8GT7pti+w2an-kS,30318d6bc30ba5a0e7c9e5db4ef8ffab@brchytx.com
jOTDNyvgcXvsnvCtrGwCBOvDfvlUQH45ciRVhRFa-UUq,30dcd4bcac21752c52c135ac8b8f4eca@brchytx.com
sym5oHIDAXD5Ahcr85W5oQS4TGAcvAVodaj1=x-kn79+,349fccd1d265f695f36b73371d38db90@brchytx.com
7Xa=5-naivepI+swrUhxxUDk2qUsomLma0+bnj44jv1R,399497e3765cb94e7326f6478332068c@brchytx.com
ObnTvvaoD+MhKpjs5tTqmbVEiCTHUed=S07Iy5SYzVcv,39a95794d1814a9e4fb254a4c20c5dd1@brchytx.com
CLQWdT1=qyOYmD0LOVxppDSIE3UWkqseUxkVI8x+CZwZ,3a5cfc1fbfde4a16b737de7db84e3305@brchytx.com
SqP8Ta6Q8Nto5Pw+WR=+-u3aki=FcpLTUdSnlpbLoKZx,3a970946aa0b9f367de5c73721744e26@brchytx.com
dyBe-9VPjw1kb4dnNiBOOTsQaF+4hbotbQaoE0szAQYp,0a394a4c8773817800a0f4739b9aef44@brchytx.com
9nkRJ-fm=5XRtFy4=ZF5L1Ici+EMiOnxjvFVU91PSwM1,0ac5ce5879d10ab05013f8bcc670190c@brchytx.com
HBwb7XmN3SLp=9YQjZuldgUhNwF9tbhoS0o0uosCJT9G,0bb84e05b925d5b8fdbc4f09d93fa29e@brchytx.com
L=0-kRJK7QZj66e7cayokXziBJzC4FxHGHvcgM2jVz-J,0bd6ef637c6abcde0db1c6b5a22b5e64@brchytx.com
t4EW9-p8Wi=qO5FyrLNb8gRoLfjkUDLtm4-LTX+ja3qk,0c2ba0ff335c45585ebee2da42974496@brchytx.com
NKuUUJ60p=fYfYtc2Qip+79f8nkU8lkpD4z31KMuPRjf,0c333028d331edc9800cd43eec14fae1@brchytx.com
ykNGVK3s8nSNeOv4ciPCqnt=w=GgbGIGusd7XKZBFmTh,0c66ffcb0122b2925a061da296e4cbb7@brchytx.com
IQA2m0dCIGGvmM1=hX=pNTCL9OBkfMhfVy4VsOi3A3S9,0e2286405de217daafcc820bf28ba2ba@brchytx.com
CEn27C+j10rjwrZ5PfKs-GCKV8WANOgV9M8QLJw9PTPJ,0e6dde8efb0c48f2e0efc5714e2a5d1f@brchytx.com
npx4btWrDvbwf2Zf+UF=R1N545s1loJFqPK7UVmXZ0GD,0ee937e406bee04ef145179570e8676c@brchytx.com
G18CWmHcob7dBI4vskfeseRJtq8xJcvAJ8QR8Hr+or7z,11c00b08c62998465124908c8acaa466@brchytx.com
gxXeJpBW-boJ2w-Cx4iefROF9DBkZ6GlV7Jnsqt79q9a,11f6eef4ab500747a93f0f76993e8734@brchytx.com
QJXk8E-9U=TfMcu=xN6kLt-o291D2f5mZMNc21ZrnTZF,123ab8f24fb9b2a61651a892317e1f70@brchytx.com
3VlugrHB2viAab0K6TlD=qC98IPBiT4t37MYM9a9tH-6,12b2fce142ec9c552ee0ead46949afd5@brchytx.com
tnWvG=L+EOLrQmsLukY7ErEpZVKittotc1nplZ7f3=4X,83f7b0a70811d58342fe7529811cb70b@brchytx.com
eUrDcYZqapvCjybCWEh9aTTswnrmdrOYWDSP9AzV6qya,84f6e8714bd06730dcb4e3cb9f9d7a3d@brchytx.com
wPqP2pcixIWXAiE2HVFs8I4MiBWKuNIu7yBTwF17-mpC,86c7a9034f7203ba4c6e8b2305d97497@brchytx.com
z0xjquh2VkHQgb6EfP4rnTWGoO70VTOyPd82XJjCc71T,4077dc1ac2a72bab557ded0646be296f@brchytx.com
PWsz+V+yLs=Z=zrezYUu-sxHh8Vr0fPowQI8VWQ3NWd5,4194ec8b428a120b80ee7592fcc1edf4@brchytx.com
OYG4LsMzmgnPhwEKRxepEV7RRVCWjaBH4OEfbpr89iFu,3b872423808c97d3b84479c5b58beb28@brchytx.com
vgqUmayPRRFcjhBD++XEWwyzSpUgL+yxgaBOt2Bl-i2U,87abf7f4998074af54bc187d99d0e864@brchytx.com
eK63YyHLwKIjjlwTNCMeyhg3EdTU-r5qgd03zjASxtr1,89973abed6d3d5c28b402c3001da3bb2@brchytx.com
SsuXW0e0ZLUZY8Jg0p+Z4E=o7-Au+ydKJyeKWYq++bU3,8b243f8b952076e49360324abb7ea189@brchytx.com
xoK9udRjix-wR6Pjg-TxkK=H5S4uKf5+C1NKOurWayWK,8e0368f6b288c0ce9ec518238bba3a78@brchytx.com
DxTtF4zZfbeBiPHRsk8jGjFlkRzTreNcrNMekZ2Ax9Jq,3d2f004a12b69704300ac3802ed4ba70@brchytx.com
5q8ir7HB7GWHCltp9kqOehKhTWeCg=xxcjMJ-jm1bvIQ,3e8b8fbbc4e537839dd44df5945969dc@brchytx.com
J0P0XqLMMiKhpJMM1KEyzUrmD1j12Z2VuTchPB1Y7-Va,3f883f3266940934aab8b4469aca031d@brchytx.com
BB0UxiG2RO9lFdvjMty+=0muM8xBDky6WClyQFxAbLkQ,41bc5bca792c34df83b8221d29196bc4@brchytx.com
1Dyk8MNYB4APJD7sIWy-XIxY2n5CUeezPKYLq6fytL+m,4411dc3ab7f42957719cc285bed14646@brchytx.com
O0qZ0OC8nEM64q2udL-uXzqW1-eMbf6L39Fr96jm12Dh,44f3b7cc8b04ff11d65bae4084d64ec5@brchytx.com
kdOARAT6qmYJqYpa3iItgFqHGOzdxG4SKTz2uUzzKfIK,e863a6e23624a69fd310fc6448f6d63d@brchytx.com
p4hXUpx03s33H6JIyON3LYsHEnIVYFvtCRZwNrs8TWSb,902941ef5b04ad9d66ae2276c83966d6@brchytx.com
T1kuejQqFELr12-gYYOoKlnBSl8=8Ym0QCRUwRjZ82uj,d60070340aaba5c9a555a80a5e144d04@brchytx.com
mWhNDP68fY8tFO64LfFHWMkC9gtF0ZQz4bIQDRPbZnKh,b871ff8d9b8ebe7cfdbb1541fa0b66ac@brchytx.com
OLMqJWWDiQhGxNTxIM9yyNVw7pEWXvnJWQEJSt10n1ho,ffda90b2148c9b14e65c1e4d533db185@brchytx.com
ONwLv5zd0MAPHmPjvIcFHQaL+qppqqmY8hiLXqGto18t,2355de529bbb9b7d8c922def1922b0b7@brchytx.com
qpK22h1VJTEuw00k-urFV6COtGdZU8XqadZzFASLqB0U,78802c85616d39781e67ff76a3450e29@brchytx.com
t9RayWz05cwZK79RdkiAhXZM7TzW+qzAlZJWfW0o23=i,dea1250e1fac71457c5b95199ff7f8ca@brchytx.com
vaE4zTthSh9ffZOY3SH616r9ixarEeJmemJTErrr-dj4,f1066d877fafb7036e6077ce4ed54519@brchytx.com
fsObNpTDec6ge3+dbcG=6EK7cCnFLox4Sk-x32WCom3w,da34e2ca3aa8e723d024b6aa7861a4b7@brchytx.com
AYuyiTKrZPWtRruqwd-+2ywTOhFATvEmn2SrAQEbq9VE,793693334e5060e7155632fe5cd1cbd2@brchytx.com
ubOCVCuA=j5ZgJqltJa3+spW-zTqAAefqI671zctqYkC,d00f3e2d5ed0a820f1c76b605abf670d@brchytx.com
5PLUW1fV6NFnYNjOYnT=iuyiaBTUu7bulCvmwfBAtlka,4d6ac28ee5dfc0bc474756b1b9b32603@brchytx.com
vtFEMBoEa1k6J01Tq46dEvR-aITEObzEWWpEesRWne0h,f2fc547aed4819467a28571468650d68@brchytx.com
OUfqu2KLrnYkEZpvLPbp0pguLGE1MZL3R-GHzHzjH6kJ,f5b08f43f478bfff08dcc824aa2e428b@brchytx.com
IaTAwsq0fhfAkO-C80NuentcrvakAIVgVDvHVCS8IoN0,bde7b5478aeaf10396033a1c76199d1f@brchytx.com
WW6TXbl+gFCrqTmEFz+z85U4aeOaQQyyaPa++dBL+nY-,c55ff3f48c35af7a4f51979176e0b991@brchytx.com
aq39uAVFEiHd1GvA+zIyc84t--yqx8IT1LLSJx-VoeiL,fc9ec59ba5461703bcd398279e9b18de@brchytx.com
im9gSA-Mwhpe4ED9dbi5V1hdpt9ybi10xej7chv+MIRH,a203c9b441fc1bf3e65dbc65220e615d@brchytx.com
xmmOQLh1r=XF4vCh2obkKZg5zO=me2dYCQRQ+=F-CI8e,f94c9344dc05ee4442ca1bd24328caa9@brchytx.com
sCr5Jm=pts6jePyM20hwiRinjwNiR9gyEn5Oo8hOUlUf,3a0e4c55777dced8e8b3e1381c6bb3bc@brchytx.com
mEjYWrGxdFwJpVteDrCmbBDNSg9vwviDExPFMU=qZeMS,5608a8a1486a9723bdbd51fbf2550deb@brchytx.com
r6s8KTOa0O-IuMchH3I1cC3P1hI3hsaiOSRRrScgeCKg,228e14c2f10bc516e34d6933bfda3ce4@brchytx.com
geEE9r2HleTtAZOg09jxJpmFj7H54FcuA400dtGEeejc,d061e51e4552b3dd80826988deeb246f@brchytx.com
KJh4I74CXipeWu9By-5HMke5SrcmLUvhCuhaff=e2w9h,ac4f0ccf498e9b822e84caf8835f07f3@brchytx.com
qY-eQwWy3-0y9ClMGFxPMJt3ltGT3m8M1g-H9G7ZEPbK,dec2d408e98f0fa7dbd86ae3722714c9@brchytx.com
8cGIEJzT8nTWu7Uw6lzt6k5e=YvYGbVi-Nac4ammLev=,72d17b0572c5f7da710393b12651d45a@brchytx.com
ZbOP+M1csCPHf3B=nVOXsgnOg6Dmm4VMh0p2ZqFRffb1,a58054078546121a17b0d48c3505114e@brchytx.com
LSJDCOreWUpC7yM+dOBmz-RKVM+3FJNQth+SzhVHjy84,54cddaa5c7caccd468362bd6f611d9b5@brchytx.com
R7xmn8q7GXeOP4KGjPOWzIQRv8ENm3BarTHTOZYO9R6R,a98f6ef74ab003d70b8346e35ac2199f@brchytx.com
T+6HSJh84iZc6MYnVoOnUrCVnJdG2YhzxrmMM7Sc=+Ss,674ff95758d4ce7e2d304100303aa8f4@brchytx.com
DUqI4VZzVvmoAevhbv9OXtck79Wud0GHQc1wc1pAnqw3,e16c82a8b2f43f3691b6080e4d020075@brchytx.com
h-aPW0YhS86vo3Ye1e-nmjUm1MHOkaEwW-z6M-RhfNgA,7c42d64b1b12743e8ce3e42309520ba6@brchytx.com
wRQ=niO6t36EwJ1OJ=5OzX138PR8eDJ6V7gE32V659F7,67327f58913ee7229bffed0837adf64a@brchytx.com
R15s5-SdqyEnt2Z=Hb-Wunk6JpAY2bOr1L9EarvQ=aos,aeda05363debc7b72399bf2eae9a00fb@brchytx.com
3TWbmTyN=C-fkiEk=SLOsaRYxWUIA4WZkblwgcu5n7e0,88308a6cf8a91408b44acda772276f48@brchytx.com
bQP=IxzmHkY5GBRW9Z7qcko4s2q0jqZYQYU5as1ceO+-,a8feae905515193f6ada070272e02d58@brchytx.com
1zNJiWXDUSHxEi44jnX-Tee99u=TSUJ2rmdg-Y2kpzgz,d9a1713c6ff9cc870c309a161fb63045@brchytx.com
e86MDz6WUY1te1zsVJHAEsQYNEc9wuNv=Y9MCGVqXtAo,9b4b8714aeea430bb311c34d02c7d365@brchytx.com
tqTHLdtpbN6CmQ8fwGF68AHlE4Rmh+h2QqvhxPrxd0u2,986560b76aafb8bd5a95f6780de2b5dc@brchytx.com
uWitwsYTIp-BhnU6Bl0ZaNBonjVvmn14TUBdB1kVEPrl,5ded7d0f6cfd61e8f003693f836ad5fd@brchytx.com
mVwBjI4+5TRR+txClJImyTjhoamYvknCMC4EB=5QFqE1,ae3e0c565e7980e3d3eae5cbfd4b6446@brchytx.com
jy6-97l+0vdWQfsNHGtvgQNcYbVlq8fOuR+ME5kNDbZ8,9b551865b5912492e8e8435dd59cf49a@brchytx.com
N-D5r5-LIxW-MCEV1M+cFEEwgLOvzq9eTJOHl-Yw8MDS,cdefdb330d78a90a4ba03677f1318f3a@brchytx.com
EK9G6KMZN9P8xRLMzthYw5teWhcmVeqKlomEuYOE6i76,6075e211590be9358b81cb1936f43808@brchytx.com
3IjQ7xz82FTOfrxt1ocIQa3ZXZvZG4RzbseKXTadaqZj,e98d26b530ec0e0a98ed173dcb436a95@brchytx.com
uMokKQ5YFSKSf7Fv+vNI4vq9x6ftaq+VxClCG6lA1n58,bad956e5cdfa21491e7a0d238ee5557f@brchytx.com
R-DV6Ydf5NtL=B-nwJKtBA4rgN8riuK0Z10Zpfj7gNtd,62d8f88e507cf6be8e8e972c62e431ee@brchytx.com
lw4wITIAJE9v78poMbOMyuCorDewADCjB6DS2myRUGgq,ba8da64d3ef156db05719763bb1dba72@brchytx.com
kwv1+YCsWg5r89DywJWIeChiGFO9pUXzqNcqb0fhg3ez,d12ae0805607c8941f466406a5da484d@brchytx.com
QBzA3SfbQ3StNL6TXeGfw7xq-gSL2v03oMpiIpbENObm,7e81fd6a20a8e0025de178f44629067a@brchytx.com
uKkgzaPnvwvvktzfvD5dDMNuvhFBjVpVNsx6JxaZQ-h3,f57f6895824416166176fe28314a14dc@brchytx.com
6Ea3VWdzpFLRWDgB66GFF0GJmq3lDden7pbU-JtppCmW,b858a2184a1edc4145c8761af4dced9c@brchytx.com
No+a8nge+Ax2Fjs2iNf5W80H3L5J9+yTCn+o3h6f=U2H,aea54725872522b32ec8784f35878306@brchytx.com
Dr+Ow4T6wiHn06axhJPX3-22G9mYwZpXI8359xHux5J7,5f002c1e053cbcbeb35b727ae28c7cab@brchytx.com
PWbN8mKfuiGF=LriUV-0p9FRV3L8VJQys6tlYBib3NtC,d3d8784f11be55a4a3db19792c9ed8f8@brchytx.com
smat6ZmIMl8H0Y0a8d1v4q4Eaxdj4NqprTGK4hnW8tho,d5b482d90f985dfb2186387100ddfd70@brchytx.com
nSa6xlNtyjGdjV5xGg7TJ9ooH1rUhtaDbDl1JufLO6Z3,a2ce0cacc89e39d603d3c59fba1a2102@brchytx.com
LpcUppD1wKKoZaMOIR+3Yjelg0sM2Fs1jEg+0KMwHf08,f89629942c62f27094d8cee3b0873788@brchytx.com
hpDrbXaU4UlFC4WgIPbwS3fLdxSB3TgZvZMYH1SR9SKv,9697f9bd92f3d5172cbb9356a9bc2d19@brchytx.com
uqcT75xS7cY-H7NnDAUeDFHWq=cguagr0-e0D0506UtX,a52923b72057b4e07d7b8299ea8183df@brchytx.com
n7Rq+VJ34KEo5T4UiLiJm0V5HRlZXvsm+4sOeWSawzWl,a4d3b36a599701e63da2412dfd4503cd@brchytx.com
ADMg4PHAxU3T25imry7DC1o69Qmc7mSV7Pbv-6k4AAs=,a9a5e919a696fd02c9f694b3793350ca@brchytx.com
gBJ5bkRWgtRrbcA6CIz2tnk5SUlnxAMTpaIcwPH4yM+9,e2d8bd6c0393517ee59f02c284590c49@brchytx.com
D1hRjZsH4dyOy-CrTUprkQFEgqUufSnruXi4mbcPAIeJ,c0cb4715eeae080493bee9934f2b2b7c@brchytx.com
HICOz8nWFK=KEq1V8H2hnjUcyEUXfG-2gdeubtgMvsAA,c0f2afa3347d6cd2264f70dd54e44e17@brchytx.com
dPziJtEpvnX-j27weevMpAAmDZP3g+9zzG473cTWfA0G,8fac678b4c50003172ed41f36c74d6e7@brchytx.com
dXPWvSfnnMWbGXLDY2UdYaYyE+-LJ-8GAute+=d6JE+r,80df6bf694ecdd7ec4e498b4a979f098@brchytx.com
ZjWidCjwYCXeLbUUX5cZqAkNl7GV-JfkhgD9vQ6jPsqK,a0be0fc9207c8f64d2e32fe7098119c7@brchytx.com
bFTZpyGFghGkaNY8=eRfQM3NTMlw9FpbqVgVV0=2F2Re,5a57a674357e3259f3a1aef4df81b170@brchytx.com
ju23M-Hjs1vFTN=w=EHUKD2eAAYIr36cmUm2tNbl==Ym,a754181427eeaec3f30a59466e19cf2d@brchytx.com
nkc99i=-d2+kKOD+I7LPkZaEWAnRto9aRG1IONpw6Ntr,4446daa74f72fe4499f81ad58a4b68ab@brchytx.com
kn=9F+ZCGmsLZEbAtFfFK7f+jPv7yIpXZxS+jefm2zrS,67cb1dc5a3d0efc19670b3ce982dbafe@brchytx.com
gmYdS+pxamb2UeGFnLriG8B2rtUUM3LFIPCB5Qdvjk83,a76ad68c420a371ef1db41b2b3c9e612@brchytx.com
dFzIkBKP3hvk0P1xLZtuvahpXR74RtHgd=fLoZgBwZYr,a04a47baa3328460c985967c679a9c71@brchytx.com
QHnS1pRyzlPQvm8+0xOJknt=waFcZ0rqRls4q7mkWdI2,68ae4e9c1a8e59152ce898620022b79e@brchytx.com
1h1AXAGRnriy1vAlk82nAoh47nWE9eagtSgKTQfMMkta,4dc6d6b5630bdfc96b097ce9612a0ddf@brchytx.com
RbNtKJ-1Q4yXQXQceIqWwyKCBiQWv-7HWympI6-Fuz11,48caa566790070ad2ce33aa16c4fd627@brchytx.com
ESGoMJRtBKDVXNE2Q1741+ROn-1c=InrU5xAC8UzqmK=,d82abfb7689d993684882a7e68255219@brchytx.com
O=rsu5CSQ=JregxE0ic0mQG18QgmDdEkYYecTEk4+6Lo,9fbd1320690b0152db66c5529b715fe5@brchytx.com
A4LrakyC3ji9X6zWufHE7mpVLpAnO69vd0s8tXYhMAuE,c895de3e639b0830e3b2b8ee34676209@brchytx.com
4UmFn+5IsBrTQQ4UaL2fpRfMaagMn5aid7GHGmx7WxJK,a18e31aac47698f34f2adc81ddfaaffc@brchytx.com
5LQYC2Pp1v+L2CQ329yoRX=CnlAi07CwohTqGis4TlnC,a7b6183ff24a2ff9e9b547b8b6848e42@brchytx.com
oPj674qemG49nSiKbfeSkckr8J-w6RkDkLvtO2AKxTsQ,f9f21748b731e04a6c3cad0e914bb71b@brchytx.com
Gd1zBMtZrDTrzlC8qp7023bqwaP-o5rENM1KBPE7YZc4,73a7c668518f38a23e65bac2bee76011@brchytx.com
Y3f=AfOERBu3k-PnP1=lxmsnDvHmHEVwDBz5zrLM7iDQ,e6fecd24a1cf4ddace9bab06ec022bcb@brchytx.com
RvFOruvrlfPlQLhIL5V3Xf9cqNGR3qpKfFtVJtM1nfzX,9fdf621c76f552909293c38512430578@brchytx.com
xWDQCPekqBPZ7byw-mU-epQdcnb8i9+UW2mDNf96mAR-,dc532539d5ba37c8af20641a1482a680@brchytx.com
zozlY2+dnd34ce+YOgJ5qk9KgM4QQzbG7jx+zSrXOjX=,6c77f72c7b84c0db311eb5678665141f@brchytx.com
Y03Oc8aHzuFx+EqGKppQSrsbO0rOvvJ=yDdMuCsQjsJD,a0cb60165d3cee6707a59190afde89c7@brchytx.com
DRe7CsXaigfWag8Mt6ZoQBk1xUtXO-yDAVDvX8yx9Qss,c8b45e72d467723752aa35b141d192a8@brchytx.com
pByGkcD3idPmPuq+rlTWgeFD2e3Bh2AWfe60I8iKz04E,e6f4d063193a0c24a8fe5fd72679a2a7@brchytx.com
jxjTcFIfjbpFru+8=eoe5DpHiSbGfJ0qjF=iVpJ3X2vi,55df55c7d4714ecb9b093c5adb7cae4e@brchytx.com
RzzjbX8nRYoEjQ9yZwRFBPXIsgz8uZ0qfWCmpgofnlQY,ed014635d5237b5b40fc0c8d5c887d27@brchytx.com
IXbiHI=05jZSE-3SEeAMXdA1DxZnAyebZUvz3s30Xs55,f93706a7357fc83f8e22dc71707ae717@brchytx.com
toZeUR7ki2RbxegxuXtm4M=HaRWm+s2kXN2wnMg2orzB,d8a93e63dd46af87eb648cd788c6bcf8@brchytx.com
atJCn6au8ugHmU-HdZz15pfZjRneaS2Ntr93sDitWhVx,58e028eee66ab51b07a609c7ea822f13@brchytx.com
opRTsdLpQv=r-U+tYB8WDIBNo6Al0X2=crMhf1P9qEaz,7d3dca1a12f76be57622e614fdee3874@brchytx.com
8ile0Hs77R9WFdWyk93D3Tr6UT68NF5DTtv=3E+o7qkP,dd0da167de8b04fa16619149e191bb33@brchytx.com
1k0pZnSVdl3sDwiy7qb0+nTvRZFGcPrZgZE8QY5ZuDff,722c6b0b3fbc4dcc2a47883fec2d8c75@brchytx.com
IukQviioRy6fWh9HsgRkXzomiNZ=ZWhnRKEvvLG5+bcq,9b129cd6e19cfa114df2a25cad206220@brchytx.com
WfWapHZs6fpEjRG+35ZC6q9QQSFtuLXESXJPVl292qUY,d923c8e92580ede2f408417af71cdcce@brchytx.com
qlO0Rm7fY6ecCmIoZCduqFlknHOofE9gY+8Vw+HNZ0Iq,42d90ab475245232434fb7ec47564cfe@brchytx.com
zMryQCI1RTomNwU8pg1xjU2CuhE2hL1GMbJNEnqBkhz+,fc2f350c84f61036fb7fef8e566df08c@brchytx.com
l=FHIFZ1L6yV-zr0xfbry-6hg-Fxbep3ut2At=3Xjvpi,7b4a6f6c34415cfde7356e12093328f4@brchytx.com
FqsGwh5XqJ3BjOOt5QEWGOQBG61-fUCnSG9FVDouDVty,ac025eb1e8c39075be00d0fdc765309e@brchytx.com
zEHJsKhI=4EehCd1G-=TqNcB2WPQYbUt1tTS=UD38fmc,55129adc83696c7b3633be7c7e85da40@brchytx.com
F0co+6DpuDTm6ll4ypbS1XPcg2TD=lvPrN=87Ft88slU,9d9cc98a067ab32008b8aa4e1e3023ae@brchytx.com
yWCsDpF8Uz+gnEYw5jqcllkOVZj+JDpCXUXUp4xdqQvh,f7f8bc1ca2ffea66491b8a5cceca1455@brchytx.com
lUc7j0yJaKMfWKun+wI=LTI99HqOFExjUbZBGVb+IboD,c31b5b3d9ba2865271db015eccbf97f0@brchytx.com
AusXbPvVNAQx2om5Uy9+X=UBIXo7Y+4UinBUnRV1CfzG,702011436db2cabaa18c1bef7a34be3e@brchytx.com
4Zyw7x2Rdnzkb2Cdt5hQNpPNWqt7MZ2BnFGi6qnPKAf2,663d978f36859e88be7fe664a8864c44@brchytx.com
DfoyWGEjo3E0MaCOiZ3+MUQ8FWd0IAISeRy6zn2I7JOT,e6efcafdad2237cb476991c74bddab30@brchytx.com
RsDGuRUURdkplNyEaOkbvvoPmKySLpSxIQNNs+-D=oxM,72ca7235b3d43eaa23a93bbf08909c16@brchytx.com
tAoJ6B5kCSc1+l3epja+XzMMW9j-Q5H3jR-dp-xGhcVT,ca80b5ee65d06358c72ec9cafb9081d3@brchytx.com
GVv3Al0fXAKVriWN=0+SyHS1mNrQ6EeeyiGBQt5G9iHC,677e0ed4142b8acd459c59b326dcd871@brchytx.com
c8AnWNfjrw+hwf3hHzhPJGCDho9B1GiPSnZna6aBFOvg,6b4d5742ecd150a0586c883e568294c4@brchytx.com
IqrbqQyX4uU5IX5w9kLRp3W27odYS-87PaA4axtdv1Ra,f47dec82dd6e76c6f01bca9d3b3917ae@brchytx.com
XI4gYH=05n4ZFuJPSscj19euxbIUJMETLczx5JtBfYq+,9ad6502cf444a56ff7038ec44ed4fe27@brchytx.com
3CngDxQSJNqmS93lKrOcgrjVH-1Lv9hf5AtjpqwXlGgr,4ec3dd2abe5665f20d6b59ea449956d6@brchytx.com
FQb+YYOzcZWhnmdcz9URTnO5kiQ=cHewYmHp1AEHN4eo,75ff8d4a4709bf227138442e2ab73664@brchytx.com
P87bGtUJ-5f-qFCWlM7MED0P12-4JFrWlAhEf0DvrxT5,9f91a60dc41c39947a02210f23328e86@brchytx.com
8IRvePmrDa4DjuZWzCHK1kkthqeR9QTWGdDjgn3a-rRZ,73f3a11999c602d6e1348e7f29a1e171@brchytx.com
7EeNq3GeR=MqsmJNAs2MWhznoal4njeBWS4UXaqO4ydy,5c8469b503faaf54c262735b4a41193f@brchytx.com
K2mkNhLA87dw3Hs1Ja==RtTRnIibXZ25NnNnTfvKQ-Q4,9ee02c9be404f0349eaebd5b08343271@brchytx.com
RMgQu3nP26clPUrYeqHwqD4VBVXHWyegkxqLDHRfe6qv,e611d48d96a8794f7722202f72c86edf@brchytx.com
5fqbn4YIYDa9BpWTwzAmaTwnJw11tQ0AycBymF+k8Q1t,8147d6351d4308cb2560bc0c4228028c@brchytx.com
nGb=dSCFDhsQwlzBRolRLOzpnZClEqIOVh2lf3flU4LE,574bc8869781d971e8c05ac55de03330@brchytx.com
lezhmfp0aKi8sE8BsNmqHkeiGJcl62mST3beXuNmf3Yd,a7bed4c2b277287357ef4505fa89b8c7@brchytx.com
Iozqc-LsUP+50OrH8fBeTR28Fxf1k43w3Q2hPtTQBr7f,d3d7d1bcc2e28425a203734cd21433b7@brchytx.com
nbs27dvsw1wwxLQksBey2uLqH1JNqsMWSPJvBqopn8Vo,d433342912513b5fb14f6aa6edbf3e6a@brchytx.com
EfUjgE5y9DXDweu0yBDniCx+OYb3puPk+RujxBF8=5yY,f4b69264c7f2536e850f506ccb0c9cf6@brchytx.com
db6CfzP5fRLvQzLE7Ek51GgNu767ihBOqNEeTLKMlwQB,4aac8f32064153404ba158bc58def791@brchytx.com
3nLetwFjtyEK1543QlJRe6FzRSeaL1tTAlTZRdBEV63G,4f56f5f6b4c1392ece48c0ca528de029@brchytx.com
DLJtXNfzNN444CY9BI6YheBUjidVLz9095oo0=Mkjefa,eedd636f7215d8df5de674c756ab209e@brchytx.com
gRiMdbrSHOHXaE2mK42d9lGSQW3w7oYML4xNnaYvEjQl,99b119d27e926394db790d15919164dc@brchytx.com
mugLKfRQ6SZOJFr1t0SDg37iWqlOx66IsfoPoeIXLAN+,c34315a70e024b14354c321983fb8de0@brchytx.com
S2jsGJq6Q-vR4VKC7ZorQiDzU+Ubpy969ODsrb7310eU,56c1805506083af73a75ea0ddcd61802@brchytx.com
kfzD=h2-HK2nUDBk1uJnP8migCOTWz5NbmrvrblX9zXQ,eaf910e704759c7eebe275a380c05d21@brchytx.com
b=yLShEEMwShWcmrOPKJjdTPMvJ2MS3WxKzOoY1Z6ene,cdc3b850daf2fc8cff4179be073ba08e@brchytx.com
hf3SQZ=l2WsHaTEuB2RgWIQAyPrZ=TMDnp-Ts4-1R30O,ade9182125497b6eda31df61b4a21dbd@brchytx.com
N4-8E74xOlJQhmnHpJ8jALvhPuXM6SQ8KDe-n+G0sqM+,ab644a19797e7c582a5cda6763628391@brchytx.com
dF2ZvP4tfI3NYxca9gwixPALgNHQkc1ARjcCbGwW8RNm,e1b75b1ef3716af9520a88d56f6fe5e9@brchytx.com
1onfDqycU9bXOBA=BovvwKikgGCp5=4Sls6V+mGtWFCD,a2d9d9e2dcf0c2c62fd4681c0514a8e1@brchytx.com
kl9oWheGi4g-RJSdEBbOZeA5bKiYPeX-OkQG+oxYp+Gt,e5d23828e8c48403066ea23b2c9893c2@brchytx.com
eXW8MqVqtl1yDs0HicDbzOSXxDsK8HL7C+2kZ6h1A9s8,571fbcf55da9fe74fffe4f06dbd36ace@brchytx.com
pQ9Zu5SmjcSWcxELFSCkE7w0Csj+iKlBavsgoSGm8Qz3,ef996689bcedf1cc5e71ef3080ef7e64@brchytx.com
4y-Kbm7Eh5o-t1eV6F=iEf1-ITDrNV-9ojyMJ52aKF4s,e404110d8937bb9c97538eb1f14ee2be@brchytx.com
bLHqnIJ0thbO0ClfIyGJOXayVNYI7JFlV41wNrgv0pAW,2fdf415a2800cdd6ca8538ab4b26d615@brchytx.com
cQ0Gut84D4Z9s+8ih1aMeTvr3ZiB806brbxxiuc+RRvT,bf0f4e2f899e3734460559341fe82cfb@brchytx.com
rkrY9r5eUonc+ewpDerFggHXz7obPCGRV6HOVlOyRrux,de5bf8161957f46433775e271c0cbce7@brchytx.com
qe1TquXepstobrfe9vde5ueMn5aSsrcKNx+AcY37cJiN,a3f83cccacdeb74c1944e488e2e293b2@brchytx.com
GwC-m+BM8YxSKfvme778KFR3-ea+6Nkj-Csymxa2zpUR,fabee69672ee052ce4310c465cd6a859@brchytx.com
6hct7skIDt30D1YDDO4AW+bib2FDe8h8p0IY99l7HBKY,cfece907f1aa921974781b521ec227b0@brchytx.com
8OQCU7BsvXJGpUQs4ZNz5DF7SMuHr4x8I4pXe4cWXzy9,d21e40b14af7b6a60e5bd7ccf6d3247b@brchytx.com
IRRMPdvEdyOUvk8fZjcSHhY0w473nLPJDM5QcsKGKo6A,bb47fab6badc498b40ab282f78df6b6c@brchytx.com
IY1qFZQygEI6w4aAZnFzYJ12iNZUuQFSCRuydJQ6MMcA,bc0d2440d0e36e514486709664f0ab48@brchytx.com
O2x42bnJFYdnITnP1kMR9tV+eWzkKoagP0VbGI1FtLOz,ab88300315ae2736acc5b8f5eeb3a90d@brchytx.com
McgBLRSl4IVxXWM4WS5l0RCo7vysyZd4iQ3S26jZkXgX,cb8913725e919edaf5de29b8a354dd5e@brchytx.com
g+f=e3p-ODEre3IEkRf7pyyf4vRi223W0wSRpadmFY=r,b65e5a7e711e4ea7cedac532680a51ba@brchytx.com
cgSg6jW6FMUeG7NJ4FOXjcgEgTMuuzr=SsRQ=5kBS7OB,ebe8dc500cfc27b44984220b26093b8a@brchytx.com
ejRqA1cT8Lc0t1gXDkfVaTmZszTJ9QVrbF3TKGsn5nEj,d9ef925061ff647765bec697dd0663fc@brchytx.com
2mJDkOtKRCADB9GXrg=AL63-JoAb00-Hpoo3hE0SI-Vf,c9c1c95297200df347f7383178185672@brchytx.com
UgOYSNKb1+Po64i86wzHUmipTeOgEgJf37vm5E3PU5o2,ccd3aec117a1b7391e7664778c453f85@brchytx.com
p4IdJwqPnf1CIpRbfT7bZ8baS5oOpWoGr0BqhNPV16a0,1299016e7d4629f31a24bbe032e1bfe7@brchytx.com
awQta4h=26QVQQSO0MFBhL=RMCumAsGYcxgaSrf3kM8E,1be245f787be4d3f67309a88c37339af@brchytx.com
hUCY4MzgXCk3B1WCfugs8ZxtfsnUIqINFUFYV1IPCfYE,345149411788c10e17685ebb2b41dbaa@brchytx.com
AP2KWdbbOmkCxxNclDPgoO0AvscrtS5RKofB53sCGWvj,68ce48d4ac22c978c47c217b09d01d5c@brchytx.com
Q6gdbImlIvc3EPdLVBOH91yHKpOS2N5gB+HM+c6MvC1=,5750273adc6fe174be7634f8728460a5@brchytx.com
dtN5SI2=sJ8SzGnWVwH3A96Z=qXiCog1aqkUyPl028Qa,578599cbe08b7ce93aa184c276233e34@brchytx.com
E-ZQqg839ccJviFKIq9mK4TFtYsyMV3HmOs8laK7rf8Z,1a81193d6c6abe272ac052d093768f43@brchytx.com
Wv9=aNZ5qGBWa1Mt-BlrLZZQD1RtWBu12op1ZACF=GtJ,49b97f6b9471cabfc4a4f6312f51c0a6@brchytx.com
97pwSwY+aHBF9QUlL7Pnrf3GaH7SCQgycXsBgX7awwk,1afab39657e00d5cfefcb82bbc274b3d@brchytx.com
Tjl4inXMJhJjCT8PGkfXa5A39IxouKR5ADW-1bbWZS6Z,0ecc027f1cdc6a99086c5c968c2e23bc@brchytx.com
NUgZkexQMN5fmrYLPMBpnmN66JCIvM=Ou-LXNR978JP=,1076ec7949e0d2f020d5d27ab583c94b@brchytx.com
uxmPU50ZNqudChCefs7Rqf32VL=U+=+3abXi-fkJCqh,123bb8c4feb5228f4d7fd03da9b3491a@brchytx.com
DMFRg5RMLfTSE8bSAJF+tZTdnm7=fpLsWHy06dTFDFPI,d0e6e029c80e9f56ef53a0ea973578d3@brchytx.com
7fuxn3W2DG5-1+rANHcLWazXaTNO12ZEM6qI7r0kgGTb,729a264dba3bdcfdfb305c74f5279698@brchytx.com
zuR9aZU06pTLNwwDsJFskO1fejccEC7c8X2y6UhGuHyF,7ce303ba0fab271fe081e70df2d787d9@brchytx.com
OFxCwmjd4NMF3SE+aPTewHIsZWAS5x0FBavjnwRcaIVH,748664193536eccf4a988d84d3c300e6@brchytx.com
Rz2fI4Gmp=1i4Aj8Pas1CCgDO-+Ww+TNKGCs9u06OeIg,801444c08957a4173a60f3f78e567ed8@brchytx.com
vNv6Q6La1JHSl+q54Bls7Lp1STV0SVZSEelHQ8ARydU2,68f00aa71e449549a3aecdc3460e76aa@brchytx.com
WiwwQaCtLlR1pQ5TETCg+28N0Nhm+kvQfqyGBHFesVEN,9349c2fd76552f1a734c62f6acdcf1de@brchytx.com
GUYMDkN5jV7U8z-BFhFCfXXgF7BQxCb9M6am+AKaUmkA,75ee1e3f7bc38c2e909cab544f41bbdc@brchytx.com
SNXy3Fozbp708KxolvjpNS+eH=8UTD9LFB0Y3UY=WZj5,8c28cbf9427f0e051a4a1178761a38a2@brchytx.com
3PI49XrqeDsl+N=V=k=NuEz+OShUfaSSCS=N=35Ons2M,bed2101fb12b751403c02c4235795d14@brchytx.com
HnMARiu-03UI7ynOuXabbJROzHBlfisZiLY5vLpTyR31,85d869766507a49af7f81da881f18e34@brchytx.com
m4FxxXkLitFoe4uPsWVjD-CSDs4M=A-Jo6Ik7gdd=Dy7,b19088a232e0f342862277b7a2323c79@brchytx.com
jtF7H6JkXGzSpqSYTl0a1cwY5Ff9fI7YTOQmGOjkM=ci,cc3649684d0cccbd35dd3e83789353ed@brchytx.com
MhnFVGhMbVacAEyuHJUW5JA7KOGqKCi9doKW1=KMpRwQ,caaa62613b84f47c887d76586403e722@brchytx.com
6nxYK8OZcA3-WzfeegokXxHwtGS4L-x7OeicV0ZEaOv-,1bf0d8bc1ea2f5418ce78dc6da195ff3@brchytx.com
ANtRXWNnWWchKt=CDCm+pAuIG1EWby2C04lYb+8Glhs1,8a8d90001afc87948efc6f1c33c9dd9f@brchytx.com
TJFixBvV7LfmSrk=IVGRZwsVQCmMpK9paCRytlucdHHU,50ed875cb6b9e05de2d60988b355a27f@brchytx.com
NkyEVq12m0NInEtdhuJA6dkz033=lP7VeV-Nj66y3uIQ,701fb9bbc367ece35984743b8a031237@brchytx.com
vinpt5v2bc7pNF1st4C5-CDTvPTjcT94tindvifHghXD,5205a889b7709fc36e805875aa35dfae@brchytx.com
ZM+f9R+MnQhI4eheVZZ0v9qOLC=lpXUtf5zxnm+FVvqT,dac2ffbcf8b061eec796b62b34550a8b@brchytx.com
VbEdlHfzBTNZkRLis2rq-TdgGhTs0zZOsm0D6an4oItm,475369a349cddca31450443b8bc7a16f@brchytx.com
FyyGeuzPE3REz0PtGc2EyyBo0QmD6CSBaIxazExw1=nj,af36e5d5d43c33777977a7c2e796dc9c@brchytx.com
KWlhX2SkF9AJ3BJ4QQHImGMkkJm=UjIlxg-SmNbScv+L,e2689ed32e74ea81d845f34b56394cee@brchytx.com
MOQ-kw1vRUq+w3hb0F2+9FHbkAveIECmC=Qrj2km6+4q,56012eebe5e7d92ecd398c21ff9cfe4c@brchytx.com
1tu5PC60aishf7tzXFSg01lQ5uiyOiotQ6T3EZk+B9hM,cc8cf0554e732b35d30b4bae5a46962a@brchytx.com
bCA99k8--3A+ZYI6090rArwH-oNGGXr9f8EMOOZZDEeO,a6246149f798766c0f447ce903ae4778@brchytx.com
NSA9xyGxah9nZ26DBTbbQxOBQ84g0kmpNNKsSG9rSorJ,e4ef7b74d20ccb549a96f9cebcff2048@brchytx.com
elpazdKyiQA95hllPFmHamcSNH7mFIOLdn86pUCxdH0t,9177c20b7d98b041231c33645220b1e3@brchytx.com
EwVZGN=+UGFAC0q-=Jw1mut8ZgXAEeUEdRszn0Jlv2XA,56321e6d414e8fdd5d1b67e51aaf61e1@brchytx.com
hynHCsI6suKdJnjco3OWub7Lh70cPqxjgrNweg=CZl8G,8671325a02360569dc883927f563be2a@brchytx.com
K0z5LF1fsrktrAeVzagfJOluNCDXZvhxw3VMhmmBmM-A,60c062f81139c90015a1e3e9eebb6bf7@brchytx.com
V1vXZds5FVDI3qAfLXM6oKCqqU-UVpp20GaK4AyXcvDZ,ac02cc895bf5bfb4d8c710ca7b10266d@brchytx.com
D+n9A0ciVeDEgoquFpC2kwVGhWMqO4qDp5JVKVoP2BfC,78809b429bd6dcc244a6ca5fbb705755@brchytx.com
m4OmmZXWgx5qpp84ihQlT4JLtRKikZyqvmGUZQPiWJ1K,a57dac027c1ea3b8f1efe8e5c6368d9c@brchytx.com
ONYwgMY7J4zsgO+GL5Lu-Q=05rI-v=SkrSrsyrcPUXAW,c3293de59ad121eabb67a85d2fb2fbd9@brchytx.com
9Zhu3guPi-F2mFq6ol+B5VBaCZdv8TM3UM3m+HqDLT5r,bbc2de355be2b655a5d6ea2df9b8622b@brchytx.com
oFnqq3Fa3bHs2z0tPcy4EszeQh8Ac3og+MuMO1Ft=o6Y,f56578ee8e8d0629261fb76acbbfa6ae@brchytx.com
2zwjOCNV5vtML7PRx7EYoYFznmXKUPyFXcYfn-FkFupj,e2562f8ec0ff025eec7dc63c7e67a5da@brchytx.com
MWIp421664tRNgHcFr42QAISqADiEGE3fm+dt46w=CoA,fdcca9dcaaa39ae486b9d9d1552f30a9@brchytx.com
k4FPQTy7Xby==S=f9PY5-TP6RpTXE60OAun+4MZZuwvS,96a045843236f016985f27504df8e331@brchytx.com
5PnhdlVTjMlUuPTULHm5y67y6+IplPQ2CRE8V3tKFpm=,c0cbdb77573dd0e33627aabeefc8f99a@brchytx.com
aMzN-Ytcw30PsimFmcrAl4Uf7I77yCsOT059qyFmLeCG,ad508b6f1a9b5fdbbf286b55b262a8c2@brchytx.com
1RwO8-DlyRME3GbReMpakR=UXTuSND6ygLNMcZTtVkqL,78e941b7e6bc40972e5c6e35dccd68c1@brchytx.com
pnEP0V39ZxDtXvMSZCfoS9r=oPT0e2q1NHk8Wz0XpPox,bfca52d9243044a8e843a5e1a9e4096a@brchytx.com
VTTXaspIIu=MehrFJUXzWiYaOquLvUH33T+TqOZu30lh,546b5b08471219a78111e50aee44f7c4@brchytx.com
BcqUJDBllABwdIeSRtxe3zcCNOiBeewf2mZPgVzVjaYK,d68058c677315e68d73e366f28cb662a@brchytx.com
jFZH2YI6y+pTUl4dvrMr8rxGDrvDdqkNdY9TOdY0zo12,fd4ff8fb7028a6b17e6f56ff602379d4@brchytx.com
xJskQIeWoT=0bLuaCYNyyIJJ1+E=SjqsN+4GwCeUzis6,f6fb8b89b6e6b2e8ccba9a0ece2f88c0@brchytx.com
Bu+0XAPnyLL6TqF2HF9u52oLiTWfOnyUueMlHY9m+KBB,571dc0e9da5b367232bf78f54550cb4a@brchytx.com
GDjuJDhgu+7H4mLDwotOw=t0gksXDPewUj4XUqhm033V,adf708ab8eeccca7a2df17676ae61143@brchytx.com
fTDsXpXeHycjIZIxSh9G8-oxbDjbjZU8C5cmCSX1+5eo,2ce7993a59b9dc65eaaf3b4352b18980@brchytx.com
FQvV=haw9hd-3RrIX9yN98L3DI2YDhBs7efYg0qs9pn2,55128e1755dff3c2244f48adff2f0e68@brchytx.com
7dy++bVmYFYBca1KtZbjR-DNip-KIlhch29IXeumApZr,cdf205c81f09f7c1e9818c1b4fd1507f@brchytx.com
J3YdioDC2RqGq6v5-QBuSHQ1cauzMYxq98yrMedz29NG,b4c39e2ee5a88810c797895e9518356c@brchytx.com
yFQOSVbNY-fVPxmRrFlUAv8UVAIavr+z=bIwiATp=u2l,687bf915680a1907403c66acb6d17b8a@brchytx.com
lcD6BehY10=z0uz6iD-APYdccgDALpvrtafLgk1AovwT,5787fe840ba19a3c809fff5495e8b684@brchytx.com
lubMEPcN-WTu+GHKrzu9jOsiMBp63COlhd1ZiIv8Glpg,70ad62d753d202dcdeb079ffc43a7926@brchytx.com
oPb-uDT7srLMkiktsSiSJTg05+GShax2AkG2RXRTPAdh,84c318f70d5c89b778d6f59919dca290@brchytx.com
drWbWQNR91sSw7ez0Ff6hnJjavaiwTkqk99BEtPHMO4F,d0116769c07ff1e73b31700ac1450aad@brchytx.com
gy7J9wcvSCmI7=tCtPpGMeta5UcTFlWWLqqRAQ5nqXQ+,d2c8dabcfe2c513c2a97f7108c9fe198@brchytx.com
CclSwgPdledqVYCOn5qyY+AbhIkK6KVFJu+Wc+R3i4kx,cd27122bf5f309861989fa54c56431b6@brchytx.com
ILtAmCurolgs4VXqfjtgNs57wzQpD8Fy197I7A41mse2,b44e0530b079dd11167d20254baeae68@brchytx.com
TbLso=Zk8IHQf3yfy5-uRYakty9VVPWJ39maaPbG-d3K,e36b43be52b88c8eba5064b3bb01d46f@brchytx.com
40cxCJceOkRlrvKMnI+bP--ZDDSMLTY95WdrCMHt69If,4701ef7c0ea58826925b8595d826481a@brchytx.com
xF8qlzsamYY+rGNpLaSEhsVKsunzWDf7=sJKkYND7urr,b582549eb23040f41ddf0128671b019c@brchytx.com
tXwOYnfnikbO2Vzdr1U0Dg2eNr6MfIsoGhKZhKGR9ZVc,92f21bc4ef7221340bb99acf04ecccf3@brchytx.com
BCuePVzN+jWegYzK-98XvvsHXGFDVgU30EmzIy5KauUh,b39c5ab6dc68ac8ba098be1e25870136@brchytx.com
EOXGO9JMGtCggDYe-2ODuCJvuG9FIlZb=ekt+Elb-tvO,e36d8a0bd608d97dff4a1b58ce976ff3@brchytx.com
PeJsppb-6EMbSAtZIqzKktgz+Tmk0y1CYeHaRVU=RbhQ,fc7752cf1a8c5788ff329dbc09358e78@brchytx.com
kT8eZaSdrTm5u4lA9bkS2L7RUlmcg=M4k8mEpqgw0r=+,a6bf09a1b6b1d23bf663a33d1bfb42f5@brchytx.com
gORZOjmct5ROQ1e5d3qvS8thK7s-TH5XgwGRiTm1B2Vc,60113de0a518ac2de3229a423df5588e@brchytx.com
vuDhAVxi7PnJ85lkPauzkanzRYGC9imwKdOxnVhuPvCc,a4e5f1652f9b25b78351414f0920513d@brchytx.com
idjeOOxEZiGj8JclQ-+qJr4jO7NbcOxPj8RBeziIbqb4,cbd094c3981173c2e214ab8078e9da08@brchytx.com
AIMxpVcy=qfdN8Hl6k=4pJjuyLRT3wBlPOoGNB1vYHah,31a37fe223075075a06ba7f33f90ddc8@brchytx.com
ewNoqmBwLr7H8aksRwkoZ+T4mRlAXIvlUV3YgpUne1c,3efed3295e2ab7817acca23b7ec18c71@brchytx.com
6Hx=fiIAnhm2nwKm1wgfIXOmjXBBH366Ux8lG3X3uIfw,914af9780f7e3d89cd925ade9110415e@brchytx.com
oMmxcutUXnFl9Bh9N7=MG=Pvou9IykYIV-Jk3M4fNsE-,baf3a2531f77e5b3a40aafdca226ea96@brchytx.com
V+cexEPWMBaTZ8cZzozTZ7T+BYIDV+EOGU+c7p7XmAqQ,c282bdbfb7f1290b7205c38410b80bf3@brchytx.com
i7J=h1lUp4NhSACweIqroxBpX=QtJQ7KZyOZt7v0M=uC,cb60f5159a968eaff75a6647bef65dbe@brchytx.com
xpmmF8PJi+SAmjOPaReu=LgKSAaawGG33CpvK64Bqdj+,8850ee9eeecf450bd8d0575040af9ba8@brchytx.com
LZevuOY7pMtwhbjx-gFfnSF0AGyJ8FT8cnOFNKcU1SW4,daa7abc9378e06b6296ea085537ae27b@brchytx.com
d77cZqwGNUhIlhxCWLvqWdZIJFY-COK--6lxvSxNJ+Aa,acebab212f918d803a2940b2c52758ba@brchytx.com
Ksazbvx-hh+1FOYHsk-2yVDF7dPe13uluzE2Eoh9wr-U,a28e02c03978331526a1941c7e74cdd5@brchytx.com
MCzF3OB+pfyUK551B-C2IyluuGReQ++p67eBLzBMfz3m,782f658b05450ef88ca0be4a629019d5@brchytx.com
WaGFEgTUUJiw5pbYSeXc2hN+ePN3A0wQ-aHja1DT+FHT,7948f426507ca1eeedd02da36053c906@brchytx.com
52nxggOGiGgaPKWE9WBjf0+9Q=R3uU5-R0W8VoxSd76r,b5c972078c47b2617a105a490e24d8fe@brchytx.com
ihWTM8jXJvQxT5hxGhJS205jphwV3frZKepB6YOkyaZH,c08da2f16d799a3e706ea70c3f91484c@brchytx.com
kK8Vri85MsdxeX02djcTl1=PXjJOVWANTwy8uQclCkcE,55f579187e50d8181114a49e85f568e4@brchytx.com
NaIZV2QeWeBlF1qcXqa6i3--YRjAc5ZajjUFpl81hdgO,6c7a0c80c6c6f76218326dc4cc00a696@brchytx.com
BFi7R3ERJnDv7F2sy6EQDXrHsmUShCezSHBuH-lT82N9,8d308938f630204f5d21ba075f6a17d3@brchytx.com
KDeV8gm8iTLXPpaqwHE1xh1BH0xa+idU2FUMdlPPait1,7313dc70ff5c7bac0acf1a5f17c976ae@brchytx.com
YEABBgybGH=sdxZPh3TsJcKV6ga1bhtNfY1+PbX5Fe9l,621f67164b517ba975bc4ccffffcd837@brchytx.com
tYy98V8OiBvafOayRL2Yp0sEjv9klHqtxmGp-=7uRo8E,d0fb8436592a7744ac5d6e84e20a9263@brchytx.com
YtRJp6yXLjfemPst1FeKvcegcxLI9IGQOk39NkNFNqbC,e0d3bc1e592eea1b241853700782de1f@brchytx.com
nN=Yu3bQji2ezhtsssA4kHZfu1QTtRuXQieXYMPeYixa,82d4fe59a556075281c4bdc148ef840a@brchytx.com
DhVrxIC0QFk8OcoPFWqcIZU90eJEYiG+sDZwvgD5rVAc,f44152a9d74541f5ec29603128bf4dd1@brchytx.com
LDLDg5EXDLAH88T=v7d-iyJjXaQmwxghtafrI50jKKML,814fa5f8ccebd62115359bfef4ce648c@brchytx.com
wYyta+f2a776EzjpctoQS+CnQ=PzZP4-15OaxnI1OvqB,806588efdd23dea1e7fe14033ad470fc@brchytx.com
FE2Avd-ndvCYZP36xB=g6ffkpkgGyxOuseX+D6-qyrF5,86dd313c9bf93e438baad0f867dad951@brchytx.com
x15lxe1vufvJvJHNr6kBM-0tQJWb2v86SZCDlrzS8AkG,d5e4fd1ee06499fbbcd43870b9cede73@brchytx.com
Xzv6-pxUGqhehBknUdLY9AGGaU8xpP-uWgUmUgxdhWp3,54978e2af6dc5327aaf015f0c7a4dda1@brchytx.com
IFPDcYiayuEZ=l5k=OOeQfUqvtmW1yggPBOrUKZShBu7,50367101152dc6cb40b0ef1b7f81657c@brchytx.com
dS2muh0UYtzSOXhapxg34k3DsdZRKrYPVYyOJWCw44m=,521f650d716b9718aa40b1d9af077ee8@brchytx.com
oaKEMsCRkMoRFofCSoR1IRb+=aUNZYxqrdzz5uR6Ck45,4074a59a326d2494cdcea0dfaf4f27d3@brchytx.com
ASfMzC9Nin9rs0nmDsR1jTu1jfmnORc7def0vaCcRNgH,854805609f382b954e4ba2aa5be0a197@brchytx.com
MhUGexh85lcWmvl2o=M-Xo9AZCBiGaS=qiB3NDAVu4Y=,a6763f3524f6170bdec759c2b0dafb63@brchytx.com
Eeo2-2hTnZ5-88PijjYf0A2t-SjdjeF5Fg0EIX9y5nxi,4fa3aaa2e6aec6e163ef51045633e55c@brchytx.com
qicP10X8fRIS2Yvs92tUXk2hNMIJApIdNtGqhZGgGHxc,dd8557381e83c5208a600b609f35bc47@brchytx.com
k6D2FRjvoKU9KWJcRE6Za+mbyZXlX+-GzudNTXAlBI3Z,3700f185e3169cd42a18065f07c55fd0@brchytx.com
R28QIlPhw-5l54M21lvowB3ELRz8LFtygdQ9coESxA-L,9f747bc88ef1edf879374e2281131dc5@brchytx.com
dTDRP=ttYngyHVuuQ0h+5-JigQQAkmqQ86QhBngqGZg1,a0c670456f85f800f6ce7626ed125d0d@brchytx.com
W-KuaMs2KY2Wh=FUo-lrDKMhOCS0Q4fBqQE02mmI15R+,5401a3b887c8adfbe9772bbc17927bba@brchytx.com
V3sdEMETq0Q2BlAecyFpGw+lbtd9BJ7W97p0krdSelYY,6f1ec744ad482274c6b5d54be78a9470@brchytx.com
U5=2JpTUFhOY8Npc6Np=gA39BI5DwYnYPYx0s=pnazSS,f622586d0d0385caa1fc8b643b97c8df@brchytx.com
a3GrFmgOJ3OvWi7=h58eX2STZ26hPaoAxK7+kMnFNZS5,5e3f6346b48fc77daaa81a1478151e98@brchytx.com
trIWje7dv5ftereMNsGevlNW=vcS96jYEiSB2P=VYb6Z,e0ce86adf756a40791046a3d4a5eec7c@brchytx.com
t=TzQHxTfY5A=b6ldmWkU+24Lha0odPMr-1S6sGdx4iZ,e5a2cd3acb7562bad24626920adbec6a@brchytx.com
gTj6NTq-4jE-uWbLbBENRs2vtTsWl7mVtTyRiW9fmP-S,7c8cf2e420363127b9cd19b6e421613c@brchytx.com
Yw7xF6qAWRfHx82BUZMa2orX60r7a+NHJtW6jkpP8Xet,cf715231f37be448e484dbe574fcea6c@brchytx.com
h0QduSUstLnYMfGmuWwbBFbM1Lf0XG6xsIpWp+rXSj+j,f4ee4b3a18e2c0678e95145daefd55a1@brchytx.com
yn55BMNHP4vObuzTtY8FGTI5nkRQayFpYRLVfdqrANbt,f08e55f2aaea3e4470c4f84d5b469fdc@brchytx.com
vsx1hbRNi-Ro+bKV58Si8in95MHq0CdgqpfySsL7stoZ,df3708b23c151d58cf4c69f693942950@brchytx.com
JGyt8tlIEeG3bDozsi7xDtfdrmlAwMVOQX2FjduMSOTR,a928e5efe98b4ecd1b33db77ac2d190e@brchytx.com
oiZpqXKudBdutkEsqVucJ6yleJoTVa8VNYww=c8g43BQ,bf9a1da278ab34157348274493ce8b53@brchytx.com
Tc-7VOFLq6vfcKDAFgQ0ojn3e9CU=KqCgIUczuCOww2E,6f992fee67e2dd49b23ec16895fcffc0@brchytx.com
egkn2BV0HXi8soOTlz0NpI+GIvk0rUR64VkSC80JWO66,e43e77859b65a331daa6d36b80400149@brchytx.com
i6r-4UC4NrtTg+dhqCNfZw-EQW2s7Tbn+kZ835M7BAb7,f4a8798888b24eba2ac5d10924dbe5ef@brchytx.com
UtC9SPCWY4VHntCFuesDvyIQonB3gdCZCMMI5-=Yxjah,7780723982296d5f8f59d5d5c8518baa@brchytx.com
q7x41M8MiF6tXZahhNeroTn9HQrdtBMt0zaqmLEr0DXQ,980a172fbf29ff5b5658d31b719666e3@brchytx.com
N+YUN80dFFrfqtRb4iZ0P5sqjIP0amBjgmLH=38eGFHO,6b994447787033820f3e25f7cbf6d949@brchytx.com
iqKRUS=yW=hc9N1OxTSop0bDkpaIlomhFc5wkESfvgmw,902a0ce69118a271930f149a843e5b95@brchytx.com
4QFLWtUQ8HCPC5YuImjSo9g-3m5auaIJH3dIjqGAuOkH,d68525b1ff344ee1c26159867e32706a@brchytx.com
Ou40IvUGMmwz37rLJM1=l9Mr1us-1t-7iyDEy2OHuCz6,e16cda32abaf614bb5ca68cb7cc7a8f5@brchytx.com
xwenk9kzuxA5+kjPlESmQiomvVofi++bY63V4wYGiVFy,d1de41b99ff49f6165507ab4615d9b7a@brchytx.com
wUOkg+CdWZ+GjdwF7=HYRs4TyT6uXe6lq0PcmOobZ3X8,df31bb8b32d633b2a39a9e02469274fd@brchytx.com
6tgWqOqB3uTi437PGcO1Ik3qpJh8YYrGM2ElYGhXKsDZ,ff578a9942e81bae91f59830b70a4838@brchytx.com
5GbCRLKQJB0YCIQK6ueSvpm0EM4VtCiAQK-wvDs5wZPH,82edd24e94710a5185fa7cad6b53083c@brchytx.com
YA83MAMTdnM3IMm3lV7CwwpSVarXfCDv3CmbSalCSW8,a1e4eacfc58ccae102d55e37136e933c@brchytx.com
IVCwyHTNcTi5H-U7XB0uYck0CgDTc02pxc5XYYlYI-PL,1e3fbb1d8882bf67ccadb91eb749943a@brchytx.com
xwNZaLHn+42dOHR8CvLoYL76=lduY8QAyPTCIF51oXAf,a1f19d016478fc137f3e8d82f0c9bfc8@brchytx.com
2uC0f=NW-wN4gVV4FyZBdgjcmuQOLR=OAJ80ozgld0eg,aa6c6d32f48bb2e5875b20c90bc8637b@brchytx.com
9sbjzJqrbrsaQm+iuNbmmpf3TdzbEF+LSmtWOHr2=Boc,5336a60050e7bba6fcb9bd1a789b0c84@brchytx.com
2Rsq7UlYwX4ZrEeDbKoLcMY0UH=VVuWYjTNZAR+FXSmW,d03aac24aa6380d039314860e24d3a9a@brchytx.com
mWVNAE9Ati6myISdPUpPzwb=KTA3YXrr=Qzjffpn40oc,e93805f54b0e7c51b1fe00382362c83e@brchytx.com
cIrhNxG6ibBxHzfiQ+lZBWARjJXOhGn1B4caBTb8z=+9,f250d7053ea35a6dc569fb813d2eeffc@brchytx.com
enAzutfFfiuMykpgbaDfGiMfqrHxHZjbSlXZYbbKZ4sI,f85d541d3b653114820ed3d3dd39ffe8@brchytx.com
XDKBpCB8BzfW1nwNp+7wcB==U-=l6Isdglvy6pUUtjCX,2e3f90e982d4208ba45c6a5489553857@brchytx.com
C5ATuWSyBgeg7OJj6xeP2ddFIybYrYVu2iEDrHk+AB2x,379e06b1b81274d9b187c02d60281eb6@brchytx.com
2yy2RPT9pa6kyF88BjfJNOIKqQS6owqshIL4VpLNkXOp,463112d31c327669c280be15c795bcfe@brchytx.com
aSW2Uc1Profs3pizPKdk1iV-o1jCFwLDH7Sr9jImvXix,9bb21904f456167c9ab89ff4b6d64dd1@brchytx.com
wq5qUZr7tZ=TfFX5JhozLB4Q9tGAgEQCA0zFf84BLkLx,d3a87294d4f1d08935a98d8437627247@brchytx.com
Yt7YaxlGCoBowsvvLIxCyRtOnlbA9Gjaxt8vry9QWciq,fa7e6024efa4ad98431686109db81a77@brchytx.com
iA4PQRb5R5bCjs5oLrVXYSrwCMgiNraE+o5O0vBKVNbG,e611ee1103b04c2debae848f8ff840e3@brchytx.com
FSiW+JJis4-vY10LE2ZZAgsDSOl8cKH=CeY1BEbKkLMX,fbac1a078811910a8d95a55c9f8c01dd@brchytx.com
GKg8cePHMftuGZnHsYyoPCY0cbJe6Yu5sFupXdIrOy89,dc25cdbaa7c92c1dc0929a38a6e4a997@brchytx.com
lZ=8ECt1w25JKZ6QJuyRa27FYiP5teMNLc=0mWTd9psy,72d53f201d9983de825f4a84af4b4fab@brchytx.com
FqDTTBwTgbW6F9N45xeREIK6-FPkNR1QPQ=p6FK=8SOO,9860599e2cb963b218ac077cc14b8783@brchytx.com
NadgsndRCk2Bi9QZH7+t1406GV2E-m1kK14bo+JVnfQQ,30ce9855587c7cc55e1074993ed81c7d@brchytx.com
s3xGD3UUW7iYcj0HkDjYsr2QEz+4SETXA4vUtO+Oho-f,848944d98ff7e881770a8e684d0dfd12@brchytx.com
2dVD21xUbCFPirib2dv0wNGu7rkkqQP9FwEtXu6Gfva1,e3d281917e6d2e0cc53cfdddaa69cb31@brchytx.com
oVyfSMMnjhOlLYSJvnri2QP2nUChhM68TktPEd89sUG0,37e36a6825e4a42a1fb9ceeef24c541b@brchytx.com
6ALSLL+=o0mg-oh0-EfYBoctSY=oBQYTcEOHTqpGyy=J,319c1d0e13e393abbfd70aeeb1833e64@brchytx.com
gtK0tcyS2=a+xs0kARLM0JDKtlzFYuMD7+C-noKUn3e9,bb72bd1279686dba442b95b0265064b8@brchytx.com
lvgpGn2-zPbV14BNKaKQgvObyQpm9M6U4X=LcWdn-Fwt,3556c4e26829935395dfdbf3d9f847e9@brchytx.com
MY6=6n-+74Zcpi8M2vOSyJPsswAPwiA2=21MfzSnUUjo,32394b8619d611147570c3c4d1b631fe@brchytx.com
dfFpIwW2BCco=OovlJcZaAM+NclWV+NPovkwJlcrOHYr,9edaa037b27c2b15dbd51b5bb5664ed9@brchytx.com
7ajOQuLkQWFzL0g-sBa642-=z7ZrKQMkrUH470QSVgTe,f785aae62b067c0a4c34afeef9cf262d@brchytx.com
GP-1YfQwg8+8WqdEeqiwSWh=3jt+pWHorxrlm6xZocLs,5e7cdd30ba1888096fe517b8eab9240f@brchytx.com
PmWk9y7bXmoJFPqiav04sTPaH5Y3ixWVT=Lo9pfj9o2a,3503cdf811d4414532e9d54130b5a65e@brchytx.com
IvXbcUj9sAKgG02wazKxa22b4b+CahsYaNHXYXiy7T=C,e62d625b8787bb8dfe3bd1e85c7dec0e@brchytx.com
3vKHDQ1dLTvq7l4mqdtw7Or4FDh5FtxwLkyzbwDYsfXb,377abe4e1d5f8a534ccbd9b3bac2af72@brchytx.com
kG-FhsyUlcldyawqahZGf=w5-b2+s6SQHJYhxUcvt4++,c5b7f812dc5313bc30f1094c6ec6e4f8@brchytx.com
q2ElBAXYP0av6V-Mn0Ftf=c6aGi9Wi=YnjiKboDlDmut,627d01915b1a98e19bd2555f3b102184@brchytx.com
IbcCjGkshhEGbT0T012mjtRpXPl+=b3boCHbKb2J4z4w,971b2081d34fd91ebc0c9debb2346f74@brchytx.com
18f3iU8Ni9YqzVnbPwQysUI4jRTgNBj0MQCRNLi+oKrz,d9a2a0b13231d4620e56650c7514e81a@brchytx.com
8Z275wRTv6wVthkPtXNypSTJKET6aQCCb=E+2u6XT7ma,c5173ec1ae1b35db83fb0f27617668d7@brchytx.com
LDCRIboIqrPzjbGEOf4PpPTuc341JeP-83GWf3NWc=M2,9a282729655e508ffe7768c30e5041eb@brchytx.com
WjTkB5BDAvb4QRuwDL4=A-w=AxHPRm3Hbm1RER3jjjlw,b0edf9df03e14cc95ca10df389530870@brchytx.com
cgzWb=TWuv=sD-o+xWkU12bJ9c=XUrgmnHIosq3-JtjE,35f7eddc3dd5f5cd5eb4a78e2db4c308@brchytx.com
kmRCuP=Sqjta=HrjLwI5h+v9du1usOqzFO6bH=ha2ZzA,17c4945560203ae0314ab4a7a6abc1bd@brchytx.com
Caren2xQLNiXYeA3MwxHpzseyuKV1-KJvFBkc4UbIvv0,7484e55b8a0950715e4e76a92ade723e@brchytx.com
QyqZGU6Lpfd3bnDliKjooC5wR8XGKFkDqseMq9aUoshY,dbb57a29b4cfd02940f200a8545c75b6@brchytx.com
X2BSyGE+Qnz8ft+0tN9kJnIYg9v=a=RnvGWc2t32o0k4,e894314b957a241268ed13a580bcc7dc@brchytx.com
jS5OD=E4co2PpvCIlNdumSPhUAoXIG8Ejz81g+ts3Sdo,3937b4f7fab2d0f8aa44c49601d8009f@brchytx.com
PRSQZNzkxpt2bWGQHbr07OdodAUQKNxEzdxmRJrK7PIg,6acadbc579a5350ac517655595dc5d93@brchytx.com
5Fj0l+NUzG64bJ06gPATjq7ovwwptfLfYbn0Q6Y2+Wyk,e27481ba623da758af4a756932192920@brchytx.com
D7fJ=JqhoS=uf0btUocY8fZWVGfdkHxmJbIF6tQSveEP,78184b14ecc5ec732a85249e27cbb789@brchytx.com
hTYRz64wQHAhSO+cgaSPvPSvU9WigPr3PFEQerDLufue,63ee140e305679af971ce56813e3628b@brchytx.com
w3gU40RMhjVA8z2iyHIms1-cONkJL3XkZTry8x2Ay=m3,840ded3e29416177175c9b3ef1194602@brchytx.com
XMp3AM-kLr7fojoNRS-HaeA8XN58yv9gXe+pg0iK+ceO,8f6ec27783acd79b57c03a9cd6adeee9@brchytx.com
ohehOj9+=rZJVYof=hwglOcvURdDINn5CAlQr80ewkRZ,7e2e931f33bbce2e17111b0595375bcd@brchytx.com
DZ97Lxr0JleACzY4RQHJufPuaHqNEtGUJ42=FJggI2ja,ae1a410f921cc4625f7d93eadd22f22c@brchytx.com
fOtNdFCnMekj2Sx5eOxj-l7hWtAhIjJBQuiBJ5J-TS6h,61d9dbfd53dd594608a2703c3636022b@brchytx.com
q9WAeHSDO266nUO8-7QFsGbFJtYDnjgf19TBq5s2TPJA,3c51bbbf2fde8b014d021019f2c09b57@brchytx.com
k=3kmo59Z2M0CHxPOEGhnXmo0gKhWFlAnf5NwWErN-um,d44de2210123081984640cc82f8fa3b1@brchytx.com
dDy1uFwpgTi6VGYkV00twyYumo5mLgRyeBi7Y6=C6nI7,5a6b8c3c745d4cec58f0a0bea2aa0012@brchytx.com
U9uk1rvmDa6vz3JlUUhqUiRvSixSAeYV-5s4LgXsU82B,4342544af023f5477dee9c1acb428de4@brchytx.com
CtE=m2zSNyXY9yuQVZ=ys5kmDGqRpbb8dxP-shwf4stl,43dbebbd3151cb107adf47d7d2938383@brchytx.com
qnUnsRICuiQVxjbxQN+AKP3hDWbyiiN3r6BDtny8ZxpW,ac751d3330ecca0bc4e811de8add0581@brchytx.com
4qdnVJx-QirZlCYY6RAXjX+c9JrRCams+FV18gpoKZS7,313be3cf995f7d42849514a24b33fe34@brchytx.com
UKG9IVAIYbjw5h3YxBkl9aZ279MZPSLTZS98+cNERevz,36ea5e210e62e2f1abeb2527d1c5bed4@brchytx.com
SqE7kVdorVChzkenB3b6lO4IXLj6Hz-Ibn2zc2aR0KY2,55f7dacf1b32630e5be086f7bc057274@brchytx.com
j5saDoAtNUVAj08j9OFgxbMtTNdfXSlbz98+eCKCGQ9T,f8f2dc40c323f83480f0e55fffba1e55@brchytx.com
9jW8QyISp7VL9RGTePyP0-KBhPHF6xOt0gA7R4cQhiE,cb04818710487b6058a568aeb0116da8@brchytx.com
Ky1ccKApEp1gDGI11GI6wZrKm7MMxt3EsXu1RdOpdVS0,dc2d3d5fdeb77a9bc9f10268cb05c4f1@brchytx.com
pZ7LU0sp=p5gll8vK4qFN+kQXpYuSTsPbgucrpQxfSQ3,94f29d4474052cd1a6022574754ccff7@brchytx.com
o+dZ+iuPSWDSLyQUFwJDN4U8=zeWjNRYn8HPjthYppmJ,b7b0f2f0d260b8238f86bfdc2195cbf1@brchytx.com
bRg7LAMFfpn9=Kd=J5UUtiFNkdDCdodTiwOnYp2EdCCu,591007d7a29dcd9988af54fe59a659a4@brchytx.com
tUftAnP4BJ=yYGNYhbQymG1NeryMb4Bq9CHcWPjCqvIh,6474a7c49dedd983fb2ff1bf6447f719@brchytx.com
Mt04YXsW0Qc5PJxf9MwP3sXWy0si+dW4rRawH=DPRvKo,e2f921e0a387186a89f9d3263a4cd2f7@brchytx.com
OStRSenDXFtxDL=KLo64mJ4LHqOhNel+6w9LgRSvmnfX,85b07e0f958c22226035c772c614b290@brchytx.com
y=taGg0m0lJcFQNatvxTv5zyRvhbGNTD4KgjGIChaAt2,6e6b56a5af8b77ff5f31623eedcb3fb3@brchytx.com
67gsihBs4pejVMP7OR5yqJjLd6lAsf6HMfbIBlv=dVRS,a2f75d456d149346f34bc361acbfaaec@brchytx.com
wNd5thO-jXC0HtX30EicY+zmP1ZrR3+ZFM10aPS4Ol5p,cac6227902136ad367dba133d74ef055@brchytx.com
ZKuqkeVennR2NiRODOW8HwiHodWWxRX0qroldvzRNy40,9222771d414dfa3f2b168eb287c3fc5c@brchytx.com
ROIjNGz-acFAR0amO=tJD2dzGtVKAoliAA4C4xQpnIc7,6463ce04c44e8d1f16cb698bfd7336a5@brchytx.com
tKp2+LR=ECcR-ugOMDvp5NK-Plx+Iqx094d1MXeoSN5G,cdea8c95cb72873007902d2c250f405a@brchytx.com
TXraoBvHw3cJJvaog0TcBhkyVr+T8NcDbMfObRCwC=Tb,fea19445eb681b17bca8966d4dcda098@brchytx.com
Esru0Nq7yp2gTKYmt8pbnA-j5fgi9By-+DZPc0TedntA,6245a2e1b89b9e7c7673999a142356d0@brchytx.com
KfNIGdc2cXEJXpTXzNA6FtfKmojzkOKHU5CMH+V4OOcQ,a4568601244e20ce9d58b0bfb8e91f55@brchytx.com
XCSV=2pX=g4PmS+uyNnsrP104WE0sVnpgrYVvQ7aEcOn,336f5d004181b6785bdd273327236f16@brchytx.com
4LW6QqQaPEHfW1SG85l+Q023oFvh-vJBjyU7OjUu7Idc,f627590c047b68982e16ec56d18b4774@brchytx.com
oD2v8Zsn2WF23w=+Txv8tiZ9+j1g64PccLJ75yfn5avB,5330230bfdebe2a1ee47f1fcc3bec6c2@brchytx.com
5hQ4HGoI-evc=Dig=rolzS9We-t9NrrMmm=yMgUodY39,6330eb7212bdaa8eb4df873ced5b9065@brchytx.com
xVOQuKXZba46w91Vbc9wpy2jhRiBdxE5xyEScO+TWFBa,b302d0eef2012ab9d07dd2e5f385b8dc@brchytx.com
ub-JANIBWojUUmrXap7lT369awh+2Mj0q2e2m8bk9YzK,472ba2285e5112ec3f52d1950e64a5dd@brchytx.com
rntnDztSiJUT3SbcpH1dQ0XHAu-0=7Sy83q6Vb+Q4I7x,5838ee8ce2b2d21417cfcfc12618b5ff@brchytx.com
3htEHHTxDHk3x0PkHOVrbimkw-gkzDn1f4jdLQO6xTtZ,6247bac0405eedef3e7d0f6e64d6bad1@brchytx.com
YUGsUbHeQ6JFDs1RkJpmLGK3ItmXaEHDxI9HvBTjCnc5,6c18ea5a63d623d6e4476ff8062c5ecc@brchytx.com
fz7GOqvfFxZzL+5hYaoG3hpJUigS+GP3jGDasQl1QkCi,64bb59c4b7019df432544ccf9f150a21@brchytx.com
z25E3WcJv9SmQ2I+y9E5AqnvWQ-fu5ROv7dYJVqfJZ0y,c1aa3a0f5b11dab284f7f6a6faf002ee@brchytx.com
SzFaKibmfg1IS2Oa5esQ6HZ8A21IpMJg61Bhcuqs2tcj,e1fffcf5fb247e1873fbd5b6eab8f5f2@brchytx.com
7mPbatZnQb3r75dJ0Bi00GeBi3VLiXpTxlir9bYQ1cvi,423e3b1f18128c2796c37f57846c9d5d@brchytx.com
grGutyMAu=WekDXl6B2Jik6RMTRYq7KohF5IR-LtSLXU,4d5d387b2bca7c52366b0232fa5d5875@brchytx.com
fqQ3V=zuh2JGb0qQ=EIyxN2xsdjw=ZMZytSV+BjjIz5V,58ad9e6da25fe60ac4162cad23d2508e@brchytx.com
Ytx6skLy9q8P-ZT+4w6Wh5v76QUZTpSnjhbgbjPbUQqB,8677db196553b010d76ef9a2164ce970@brchytx.com
jo7BvnRmrY0bQEn8jDKJpzdJJlByYuX3S7vjd2DYqpLw,8a544999838ca91c460b2d48299a2d4e@brchytx.com
p0vO7O=8LouI4Yeeb5Iz3qV-sfLSZSCLbPRXi8b2fewO,bea6b9feb2b9a065ab9666b21af0d53a@brchytx.com
KpKC+CCKD7fs3lV5R+ZqGuQlLUg960tMHTEkZZwXbtcg,cb90459b9c6ddfae173bef7314d306fe@brchytx.com
70iphzNIWhvk7X3M1gryQ=EIWWOIjAUNWnwLDdu-wFSq,4b67bd77e846259c14f3a52f27799cf9@brchytx.com
a+XF5ou0i0wncnPO99c4S8zQLi0wHw=NZxvqO8j101KU,57ff18ca3a133c371a37be436b38099c@brchytx.com
gnY1qpms2+SU99ekKYSMuhCTe+vWYa7nP6bJ53=814qU,dd4746d8ba07de525ea4dbf1af7e39ea@brchytx.com
zBBKlnyPDMdJzRwFaX7MIXW6xwc2=Ctu=7mKk1nnsS1Y,48025bffae2252536b6e6ade94be9b56@brchytx.com
XzvaA184If9KRzU2UWC-WexwvTFeOK2e1cikRJCHsPH7,e792d40cfb4d9ae8c7d0328640482cdd@brchytx.com
Hka8zBR=bzKozSEtoaDn5ps3iWrnKxV1mVssUtmTOXJm,408f87ee864ddd91e7c28978540c51d0@brchytx.com
OuLpU5zPezjkdcfDChxlJ-Cw0njodwRTNTPObW26ziRt,ebfdd26e6b822c370eca5ac3ee5db89e@brchytx.com
k5oRKJk+32A4sYjg6VEgXXxVWKlSq81SVj0O4M92Jll4,98a5519bb506ea88a89fc28d4f0e9d55@brchytx.com
hTsgEPxvlf16BG8X8rQS8DTD-y4HNNAZs3bsRilPx111,fb57e24459fe276e43d8d4472d2a5034@brchytx.com
C6zIZAJUMTKKu+VOL6NaxAyTdfBUarcElI0zdAePClFI,1737a22fa225d67a5b7a9e04df2cc4c9@brchytx.com
n2v+kKB22pvrQSTH8gzWnvj8FMUCqmhqcsjp1Mpl4ipZ,9faa84a981ef3a978f65cdc90a7d4cae@brchytx.com
j-V7L4ed+0SLx2Nqn-J1BZjANakvexgoMLSQdH-V75bT,dcf7466ed31ad73367c6b151ce375125@brchytx.com
GlhIwcIxGVjZb8Do1fHBqEX4LWty5JvOiUHVqawx2d3m,70b57bfaabbb8043162913923485b37b@brchytx.com
fnjdrB6C=FrWnoWyKncJ-qhTSMAoaJHbnSGvgYgoYPFJ,9d3cb5e105dadcc1193e08942c7d6c4c@brchytx.com
AjcCaL2wQd75L-iNLtHqJM=t0RCzyOB3oCmB1rIC91aM,ca49ca3cb4a1a2e35857e273976c0486@brchytx.com
mj1OabOFLq1DW1SZUZFakBbDUuph7hAGj4Eh9C7Z0aoa,2862d3b4df4d133ee916c3b3045012cf@brchytx.com
OZCIA9+WgYg+nKGNGRXx0TybONPGLmifiFgeVf-6ZlMm,9fc868034944a70862df33f337fadced@brchytx.com
HrTIty28rQHL8IPO=xhHuSgkzpbE-JF5WEXgdTGQ4izo,bd3be987e2cdf18fe927daf3d42dc733@brchytx.com
KAFoCgtPWA5kF4dU5=SBXgVhH++7GCSVsvrQM3e75Fsv,5ec5415c18ef8e3a831015b99398a311@brchytx.com
3Ce=FpZuj6CBWrVja+q76ymvqntFzZuhm3U5voEFu8cm,f2347eecc2aa74ac8146208f226ccfde@brchytx.com
6wBtRAHjKEHg6vDvL1Qb25weUHICxquI4NIXwt-cz+xP,74a78e751728bc27d4e23235245f565c@brchytx.com
WfOwThQuXXPw+FYTOOvnlDsnGSiGiaXc6Xu4+eTyGiqy,e54c25564a853395215ab7d90352ca3b@brchytx.com
Rc1wPUH6JJqKogvurA=jkEVVnoOLGLOi+VnxX50uzDZJ,63e66e9fa368d7446ff6e082889aafac@brchytx.com
mLW-JScufgBvk3qLhsYBsx3RsUaEkYkVkK3reiKKIEA7,6f9b3d87a4b4595e73d1e615f996f059@brchytx.com
TpV=Hjhu4NlxKJKu3Flg4Ivkd5h8PYZ1OS3vYBDnZoNi,f9f006553857e81d6da757ddacd01ec2@brchytx.com
uZ4pQD2+Ca-h9DvPMzJyYa1-ZXNGBPY+ElDmijTXAm5N,fda57571db895a847818b40545f0bbd2@brchytx.com
nRMCkj53geSVFDRI28g26+EAeAWjA0bzfZpSo4QxYo5a,ae0eeec8e0052b48cefd25118738c923@brchytx.com
6lqCAhkoxCi4JMZorT8diyjtZr0oF+v2Pz1A2p0JGp3Q,e9f39dd4a4e7592cc0446a5440703091@brchytx.com
w7X4F=PtGJFlFLSa3a8KB0N7yEGyB-cuIi3E2XlPjp4,debf36ed4e8be84af3d6aa2c3144de2b@brchytx.com
N47Dr7MNWnnJJS41UlYsV967mh72QUZPTENX0fIYu=if,c49168c0518fdaf06537abbcfba4c517@brchytx.com
nCa21C0JfzyYydAEHX744tW7FDOX9C6osV7UeBw8zV3i,a967a0c0f4140fac223858d29a1d0ce9@brchytx.com
9zu-J3IX-zrCHfztuixhtAdHyuWC9GWHBSGIY4NV-M+w,d9478571f889a1644ee00fddd6c27c89@brchytx.com
8BfaSVOcDXv7f9NprAS=dp=9w0X6LyRIy4UhJYeB6gVQ,f0366a98ca26c0454cbb6483176fd14d@brchytx.com
qGNwPAjA9BKpzaXGUAqRvHIoG=7Cxc5t6iEnqBk9hieu,b8c0ede9daaaad1916fb9bd38cdd3596@brchytx.com
eggMWSwwxUaw-VndjfddNPJw-Si-cbcekjkt+Fct6nEq,f4c6b4518a96d2ece9523ad1ba0be758@brchytx.com
keVLjCZpGfMYRw5va4eCw+b7kC+3crcyTuAaCrPRJdOQ,d7c047bd4ef7716d086083441f1ac15c@brchytx.com
R9KJBpL9vKHgiWtkau2UHBQO4x5up7gL5bfcWRa1ZALL,469488cf5f815880b839a8d137dfd5c2@brchytx.com
7luiIlOOhotmX4qP3Xbp9Eh+=wPvn-3tOFD2F48QRnDO,fe2a986370870a2b08cd4935aec9fb90@brchytx.com
vqc0ZXmXvpp+a90Hf9jp0D3gIumwAcbKhGAMf86O4D=p,8dbc29d765171e52d01aeefba4d7adb9@brchytx.com
yNRblcKCbJ-=pr+ivMuswkXjwfg4OnlB8KVC1jPXtgoK,c0f1b9456e9d6c0d9bd57f3db466229f@brchytx.com
QMTZhM0rOCIBbXDbGpwz=m6Q=2Q061wj1OmLpEijM9UI,66366ec57dfbcd2eade2783e025abc60@brchytx.com
yIuktiLz+AogA03TNwdwerJiV3F9iusEld3K7Ps4mMmY,cd019e7d1b30fa5adcad57e037c3cb24@brchytx.com
7hs4TOacvIPejwKmMGrOBzCowtH-j5cAnnHoouui8fuJ,952976f30494ddaf88c7de2473546d5e@brchytx.com
rQSdbukUob0LlgzXwjuJ2JYCc-jU6H2uojpz+z3UqkW6,3748edb88541f0143fbd5e81ef82056a@brchytx.com
X6Y5QT2JEJ7U+7j+9Doo78+M72N-CZZ5NH=sz-CqtGHQ,b780a8d440e7c041a710eea129369af7@brchytx.com
KN1z=5mhh=ANdfHjKaYrrhAjCWdbk==yu-3c=OMcoSxM,ed2a07ef322519e2ecdc3c34c2e2d322@brchytx.com
f6+mMEnjbBezTTSkDYKu1XmbNfkmyBtzoEGcBBu6Mcsd,cf2b7095ab9f2e08d5621050a408a7be@brchytx.com
KJaq2Iodrc1CY+jgb2siP1RHbrXtQzG-TrOJUEOUZBb3,84dd3b5e8ba1504b311e8f4e2f1240fc@brchytx.com
JdiPRD4ec0qE-EUgWoP6J8gWuuQvf7xicRRLzk3Gx=8d,61e19ba845bb40d6551f52228b2d64cb@brchytx.com
bNlzFjVEj2rBZkn=93NKa0rex03pU44DKVlxpTvjKmis,4b2563ea80558d26323261f025f5ce10@brchytx.com
PBgAFo=2mVoekGEF+SIyowEk2NYRJ7nppavGfXTfXG=H,5b3f9efdacf50b22a117de210165d2bc@brchytx.com
OW+nIQNM7feexZbORlng99VHs7VADJNUr5DxghREpXIe,a5f4bfe71346aea2bf983b43da6a539a@brchytx.com
14M5GVZWpIxgx2k9FqCEwl3oz2shN7FTpoTd40FxcUZ1,b2e8bb2f91ee0d581d76345edcb3115f@brchytx.com
IK9nZZ+4SARO+=R++dTk3mqZ5vgJmasxS4MLNRWao27n,6fb0fd0f3e79cf640f7189bba78ebf1f@brchytx.com
SrBmwadsFXfgGvc7g423oYRnDrOnlN2wt45m7U+2UK-N,fd68e9e3e222d9f5da58737e08cc6bb1@brchytx.com
IK1HSdhhb+RuH7SAdePeKKifZLh0KrHWhbEHYYZLiNDZ,4389cd6de0fe953c25d68b6e0f74a555@brchytx.com
AFZY-IQMkEznOlzrU1wMf4PYxSNZnyj8Y8wb1SpIxWQl,efe01b0201378260b548972f56c3f825@brchytx.com
Ta6+8V64uEaJgIIDl3JdkZJfrxn0FWxtAz4ipkpz8wl-,65629ba8a3d47c4bec6e33c2e05ec78c@brchytx.com
ytfOlFQX2HfeqNaAWokoW=taqhUHgh4rVfwgJz9o8h-G,eedda43825737f97d6c9ea61d07533d3@brchytx.com
PYxw3mG+yopMRrAUKJRxQbNJ16=YhvB9tOtHZw9Y3pta,3fb8b6fb9cdd256947d8bf547ea5c354@brchytx.com
gP14K-UwBbkDYCgubgJX6APHL-AUxqvnmR2DVJtPrqQq,8d3bf6824404b63442b3343659e0c495@brchytx.com
oix3XfPYR1=KKXEN-I+Ins5jZ0BYl=a+8NzSsgDQBc1d,5e21b0d1813b8a37af4f5bd599192bde@brchytx.com
6aaixZ2=hPF7Io4181jKoYu37KA1glw3s6eYhtlnakMp,c7c9ed95db1562090d5fbf29c1d90f50@brchytx.com
q7Mohj19wj2wkT3zO9GzbiTKvUBBcXrYCgjA-Y8-Y2WS,45d283a22be0bc538e5b23e666cb9fa4@brchytx.com
jBcHgby8qKNatxq=oXzRAlGOrTpaN6oRM8cX19oqCbCn,58cb88e07674c878978807ea22988e01@brchytx.com
Fz93ShP4mONYkservQJV3LroFoyjTqbw2JvUlW-o0v3Z,68da88cf1330bc1ccd19fb2e415508cd@brchytx.com
ctYgdMJjGyU-20j2=C3tzhPg-TGW19Nwa5x+pfiTMCGx,5ad332bc3228e6f00a590e9d8573fcb4@brchytx.com
Jcyb1SNGyKWxOR2k=zkedqmd6Dxr6xLFtYJQ+KjTUdkE,523cbc5becdf6b8f0932b2c91b6142be@brchytx.com
R0BRRwUBGEnonb=g-SM6vj1L+24I06Pvu8eY5bcUMQ9d,b7354143bac3088d41bd22af6dc8c840@brchytx.com
4AdXW72K1WgnAvlf2X0zC9D+9SUIXXRvqc1wmEvDi=Oe,869310a2462c95d452d4ec2890d550fb@brchytx.com
108XLG4f1oCYm2L--RWswuwtxnIbqA1x3fTuASwQfPiJ,c654dc418e6165a3c90749308129d693@brchytx.com
XAfS6QeJ0HQoKYpswjiXQiUQN+q+Wo0K2JsqPQySJGzk,c804c525d83ac72c2fdffb0dfa2ec477@brchytx.com
ue=OOssETnM=qr+yS6t5l4YD7foqaOvYsGGZPNDG-GyJ,4ef51d68576d3bd8bf221c8820492e45@brchytx.com
uWslvBx81JtTe4ue8nhkE-2y48wffirEoSVh5siwmkq8,7cae597f8017d5e2b29b3f040100a64f@brchytx.com
Rb7C46SJh6ldxv+nopMxo-47T8ayBsEjNo11Hbql4-PL,a80a663f1ace087bef7616e8784c7a55@brchytx.com
lpPIWKilPnhe4mLX8IVLJfiPvOr5-VCjP03Shl04GMA9,d2f4fdd5688317d8c24be71617e998c5@brchytx.com
L73HFy2EcB9tdCWiehfuzJwzd216s+Wq5ii9L5BjHgjw,ce0f9e85eed0e6e50fa4b7f04d963452@brchytx.com
fgpRnINCq=Tc3gvqGUe8B459Dhvx=LfBy3mV-to7KR5S,41735410cb226b73feb3c00a37eac0cd@brchytx.com
h6=kRhkkfDzoPcNVmqSaB+KZNnm0IZmmY+CHb+5vJWz,b10f6883b2a104fc8e07ba7da99020e9@brchytx.com
4nIWCx+i8NvmVfOgOBcnDrwFUk+6mj7dKVzitvj6ZymR,2bd1a798b20ead774fcfd8f7a4fab42a@brchytx.com
UqaTLX5FNWuo4Br0hDWRsn+iEhcA65oJh6mIUrK+leyX,ac1ec90405a7f2ce4466b9e90711ef06@brchytx.com
zQuLa8LbNI4tDqz1JwOxD2RmZQFuqmW4S-3dMxovKjGs,b128055d2d3b074c315f25cc45a160c0@brchytx.com
eCqbYng-FQNCjxOhKhx=7wThc7JHekWf6MGwCZyIvYww,70f3e5627835fc267d571b9b6dd65cf9@brchytx.com
Cums=9QA7MhtvrSmk4XHl8P9CxJKPySuoH-TPJZJB3pk,d5363f84ab18d61dfbea0bfb92a24439@brchytx.com
LvnXaChH7qOrRfs7lauwT6epbg8WjGoiR12OsSL5-8-b,83a7471caa7fae7bab6ec5e203c3bacf@brchytx.com
18YCt10v0BNCx-4vAOekhdRaLPzMAEthCYEUfqsN9Tk=,6c1d45a4f4efbaf69c254e95faa9f376@brchytx.com
QcxouOdnYVz3Ro7+18zvRoSS8xDjSfygA=fp9WUx4EHY,94f98d7739fd87642e4734fd1953d67f@brchytx.com
9+EjBlzTAidXjnPttwj6p+sgDTfeGWXzWtrGuiYo=dnf,b370c6c9188690cfed85530e50c68b19@brchytx.com
uE9XTAqrMqFp0y=4VmxmF3A8JOmuR39VyAt0CQvkXj1r,c805be4d802bf5663ab67a2698cd8a37@brchytx.com
UCWh60NNMuo6eiIiD0pvtVOYliES7nrH6UQ47cAWkBsq,67c01352e0c7eadb44f5ac67b9480d3e@brchytx.com
j-OKEM2Mu9PIvQ0NJGh3i-MRB3o+o-=BnOyEu0qXc0ry,1e23eebd048b203f04f2b57b889b1ea6@brchytx.com
BJ+letDGz4lGRjTQ8wQXPpIyh6R=fQrmM0ScLKrk=fja,62d2197cd4eb8a42b622eb6bdf41071f@brchytx.com
URhIIYSZT3tGVUXKZj2wTE-04efpomG2cuePr1o5-=v4,cb3f482c7009ca025e2cfbb1ca9936d5@brchytx.com
fb93mZEKuDFge7R7+Yw3+4TAhFlZYhIy3XaFoIR2OZpA,b6e355513e1f0a7094d2d80bbdb0c514@brchytx.com
30s23fF4q8nnRMBYadR3mCwOMwoYbFenTvCbroDvYnQt,88e3747da4b6a8abf8aa342ec9af736f@brchytx.com
xClcPksnzk4odYmnVTNyrRyFUjTxJ8pL7z+wj1UBgD43,e2c91e9939cfc821d63934bc5b32f55b@brchytx.com
S8S01OZ2MnqK+5c84Ll7GQ=Dc88Xm+RacBwnY=1YLOIJ,a3e684f782414b8939eba012b81d9e61@brchytx.com
bUiJ35WbVQhtyF05ztF7LUyDQZC65wUIymOLdTPbu6Ub,ad5e98ee8e2ba4f0732fb737b05aeefd@brchytx.com
z=1SAl0XFnLLah5c7jg=WMCHsZH2Tuu3gjb7WrBVLWzA,1a5e329c7adaaca0dcc231aadb50e76e@brchytx.com
M3bn5UsDLlbpP6JT1GDlbnqEigwBQFN1UMf5Auwnjlxg,59c25c8daa4f9986a86908555ab326d7@brchytx.com
K17xZZk5EiqEn3F+tVnsAiW=2XnAtiRP8UgBjCGlSy4J,f44da92145d0b19b6a5381457ed9d108@brchytx.com
ouqXcxafZoyjHKAfZT+2A19tvKQy=CtmplZQ--qyrbri,79d34f0ade1685f683bd76b1eaf43663@brchytx.com
iU-y9uNFOjVAD=EdVP06GTUkkD6lN8sG8SgWozGtnCXf,a59ddb553639881346c535d35d26a07b@brchytx.com
muUXB5KH8U8n81WSddLgpbcMwln4OsEG4eX3fEw-NKp+,ec276813ddcedf0506e8869e0778057b@brchytx.com
Jtg1QEcWQ=RxNJ=qLst6FF124oDm9I3bHE8aZ7KVy,254c9a2f7bc6a70c531d96eb11a5bc4a@brchytx.com
Htg4BMdVQ=FnKG=pRuv3ED567nIn4J5cIF9bY2TZx,fa7724b921a97a17833285162fcd91ad@brchytx.com
Ftg8NIeUQ=GmLH=nPwx5FG789oAm2K4dJG6bZ1VSy,47ff70540f14d9030e64d7dfc99b963c@brchytx.com